user_id,age,gender,weight,height,bmi,goal,sleep_hours,sleep_quality,bedtime_hour,wake_time,fatigue_level,steps_walked,exercise_minutes,exercise_type,calories_burned,heart_rate_avg,calories_intake,protein_intake,junk_food_freq,water_intake,meal_frequency,stress_level,mood,screen_time,work_hours,social_interaction,meditation_minutes,hair_condition,skin_condition,sun_exposure,water_quality,workout_plan,diet_plan,lifestyle_change,mental_care,hair_skin_care
U0001,24,Female,64,178,20.2,maintain,7.9,5,22,5,7,5426,10,mixed,472,95,2371,53,2,1.1,3,8,6,3,11,low,0,4,2,5,good,Moderate Workout,Balanced Diet,None,Meditation,Hydration
U0002,29,Male,91,176,29.4,stress_relief,5.5,3,0,7,4,2528,2,cardio,406,66,1520,102,6,1.0,2,2,10,2,5,low,1,4,4,3,poor,Weight Loss Workout,Balanced Diet,Improve Sleep,None,Hydration
U0003,29,Male,96,157,38.9,maintain,8.5,4,22,6,4,4073,5,strength,205,63,3345,122,6,3.5,5,2,10,7,7,medium,15,4,1,5,good,Weight Loss Workout,Low Carb,None,None,Skin Care
U0004,33,Male,96,167,34.4,weight_loss,6.9,1,0,8,9,6276,14,cardio,164,84,3362,38,0,1.6,5,3,1,9,6,high,0,3,5,1,poor,Weight Loss Workout,Low Carb,Reduce Screen Time,Relaxation,Hydration
U0005,43,Male,56,177,17.9,weight_loss,7.1,2,21,5,7,3454,23,cardio,198,103,3395,115,2,2.7,4,5,3,2,8,medium,22,3,1,1,average,Strength Training,Low Carb,None,Relaxation,Skin Care
U0006,45,Male,88,181,26.9,weight_loss,5.6,4,1,8,7,7892,14,none,128,95,2024,61,6,1.9,3,2,10,6,9,low,20,4,4,3,average,Weight Loss Workout,Balanced Diet,Improve Sleep,None,Hydration
U0007,47,Male,74,177,23.6,maintain,8.5,1,21,4,9,11867,12,cardio,358,98,2209,101,2,2.3,2,1,3,3,7,high,26,1,4,0,average,Moderate Workout,Balanced Diet,None,Relaxation,Maintain Routine
U0008,34,Female,88,161,33.9,muscle_gain,7.6,5,21,5,1,1698,48,strength,229,87,3089,116,4,2.0,2,3,2,6,7,medium,5,4,3,2,good,Weight Loss Workout,Low Carb,None,Relaxation,Maintain Routine
U0009,48,Female,54,173,18.0,stress_relief,8.9,3,21,2,6,3511,28,none,247,119,2454,65,2,3.1,4,3,4,9,10,low,0,2,1,2,good,Light Cardio,Balanced Diet,Reduce Screen Time,None,Skin Care
U0010,42,Female,80,172,27.0,muscle_gain,7.5,4,22,6,9,3049,0,mixed,353,71,1952,66,2,1.6,2,3,3,9,11,high,19,1,4,2,good,Weight Loss Workout,Balanced Diet,Reduce Screen Time,Relaxation,Hydration
U0011,25,Female,89,187,25.5,stress_relief,6.9,1,23,4,2,5973,17,strength,409,94,3243,90,0,1.5,5,1,5,9,7,high,2,1,1,3,poor,Weight Loss Workout,Low Carb,Reduce Screen Time,None,Hydration
U0012,36,Female,95,171,32.5,muscle_gain,8.9,5,23,5,8,4354,26,strength,376,89,3132,57,6,2.5,2,3,4,4,11,low,16,4,4,5,good,Weight Loss Workout,Low Carb,None,None,Maintain Routine
U0013,31,Male,84,155,35.0,stress_relief,4.1,5,21,3,5,1606,34,mixed,215,80,2427,116,0,2.0,5,2,9,3,10,medium,25,3,2,5,poor,Weight Loss Workout,Balanced Diet,Improve Sleep,None,Skin Care
U0014,19,Male,91,176,29.4,muscle_gain,5.6,1,21,4,6,8343,38,cardio,269,114,2037,128,1,3.6,2,10,7,2,7,low,19,1,4,2,poor,Weight Loss Workout,Balanced Diet,Improve Sleep,Meditation,Maintain Routine
U0015,32,Female,51,183,15.2,stress_relief,6.9,3,21,3,6,7457,57,strength,404,111,2181,99,6,2.1,5,5,1,9,8,low,6,4,5,3,average,Strength Training,Balanced Diet,Reduce Screen Time,Relaxation,Maintain Routine
U0016,32,Male,65,189,18.2,weight_loss,8.8,2,23,4,8,1830,18,mixed,157,114,2869,130,1,3.9,4,9,5,2,5,medium,0,2,1,4,good,Light Cardio,Low Carb,None,Meditation,Skin Care
U0017,18,Female,54,188,15.3,muscle_gain,7.7,3,0,6,3,8253,56,cardio,319,64,2570,142,5,3.6,5,5,10,3,11,low,6,4,1,5,average,Strength Training,Balanced Diet,None,None,Skin Care
U0018,22,Male,54,159,21.4,stress_relief,4.2,2,22,5,10,10823,0,mixed,424,104,2015,45,6,3.8,5,4,8,5,5,high,27,1,1,4,poor,Moderate Workout,High Protein,Improve Sleep,None,Skin Care
U0019,28,Male,52,161,20.1,weight_loss,8.8,2,23,7,2,11738,49,none,314,76,1589,37,4,3.5,3,2,3,2,10,medium,20,2,5,2,good,Moderate Workout,High Protein,None,Relaxation,Maintain Routine
U0020,41,Female,70,174,23.1,weight_loss,5.4,2,1,6,8,3786,48,none,135,77,2508,132,6,3.8,2,1,7,6,10,low,2,1,1,0,average,Light Cardio,Balanced Diet,Improve Sleep,None,Skin Care
U0021,37,Female,71,174,23.5,weight_loss,8.5,1,0,8,9,9082,11,cardio,383,73,2234,81,2,2.5,5,5,5,4,7,low,19,3,5,3,good,Moderate Workout,Balanced Diet,None,None,Maintain Routine
U0022,40,Female,94,188,26.6,weight_loss,6.5,2,1,8,7,9924,42,none,245,106,2087,38,1,3.5,2,6,7,7,8,medium,8,2,3,1,average,Weight Loss Workout,High Protein,None,None,Maintain Routine
U0023,22,Male,87,186,25.1,maintain,6.9,5,21,3,4,10872,6,cardio,400,63,3327,99,3,1.3,2,6,7,4,5,medium,18,3,5,4,average,Weight Loss Workout,Low Carb,None,None,Hydration
U0024,45,Female,77,169,27.0,stress_relief,4.6,1,21,4,9,2214,59,cardio,411,92,2433,146,5,3.4,2,5,6,6,6,low,3,3,3,3,good,Weight Loss Workout,Balanced Diet,Improve Sleep,None,Maintain Routine
U0025,35,Male,64,163,24.1,maintain,9.0,3,21,4,10,11975,15,mixed,457,71,2931,57,4,1.8,5,4,10,9,5,medium,27,4,5,0,poor,Moderate Workout,Low Carb,Reduce Screen Time,None,Hydration
U0026,39,Male,58,166,21.0,weight_loss,6.1,5,0,8,3,4324,5,strength,470,64,3338,54,1,1.2,3,2,5,8,11,low,21,1,2,0,poor,Moderate Workout,Low Carb,Reduce Screen Time,None,Hydration
U0027,38,Female,71,174,23.5,maintain,8.2,5,21,3,9,8266,0,cardio,410,65,1975,110,4,4.0,3,3,5,8,8,low,4,2,2,2,good,Moderate Workout,Balanced Diet,Reduce Screen Time,None,Skin Care
U0028,38,Female,95,158,38.1,weight_loss,8.8,5,0,6,1,5976,39,mixed,133,87,1594,101,6,3.0,3,6,6,4,6,medium,11,1,4,4,average,Weight Loss Workout,Balanced Diet,None,None,Maintain Routine
U0029,47,Male,97,166,35.2,maintain,4.1,5,1,7,2,11314,50,none,291,119,2237,67,1,2.8,3,3,2,5,4,medium,0,4,2,2,good,Weight Loss Workout,Balanced Diet,Improve Sleep,Relaxation,Skin Care
U0030,22,Male,59,153,25.2,stress_relief,8.2,1,0,8,8,5164,33,strength,152,61,1704,136,2,1.7,4,9,7,8,11,high,10,4,4,0,poor,Weight Loss Workout,Balanced Diet,Reduce Screen Time,Meditation,Hydration
U0031,49,Male,78,176,25.2,stress_relief,4.9,2,23,6,5,6124,17,mixed,269,81,2928,99,0,2.6,5,10,2,2,9,medium,12,3,1,1,good,Weight Loss Workout,Low Carb,Improve Sleep,Meditation,Skin Care
U0032,32,Male,96,171,32.8,stress_relief,8.4,5,21,3,4,11247,48,none,352,111,2218,76,6,3.8,3,10,7,7,11,medium,12,2,3,2,poor,Weight Loss Workout,Balanced Diet,None,Meditation,Maintain Routine
U0033,20,Male,95,172,32.1,maintain,6.7,5,22,4,6,7882,50,none,291,84,3154,130,3,1.1,2,1,7,7,5,medium,11,1,1,4,good,Weight Loss Workout,Low Carb,None,None,Hydration
U0034,21,Female,90,152,39.0,weight_loss,6.4,4,22,5,8,7891,18,strength,200,65,2191,55,1,1.7,4,6,5,2,4,low,21,5,4,5,poor,Weight Loss Workout,Balanced Diet,None,None,Hydration
U0035,47,Female,80,179,25.0,stress_relief,8.5,3,23,6,8,5324,35,mixed,322,65,2845,113,3,3.8,4,6,6,2,9,medium,18,1,2,2,average,Moderate Workout,Low Carb,None,None,Skin Care
U0036,36,Male,55,154,23.2,muscle_gain,5.6,3,0,5,4,5208,11,none,100,85,2153,93,5,2.7,4,4,3,2,9,medium,23,2,5,1,average,Moderate Workout,Balanced Diet,Improve Sleep,Relaxation,Maintain Routine
U0037,30,Female,69,151,30.3,weight_loss,4.7,1,21,2,8,11230,34,strength,194,108,3104,91,3,3.9,3,5,8,4,4,medium,11,3,3,0,average,Weight Loss Workout,Low Carb,Improve Sleep,None,Maintain Routine
U0038,45,Female,57,178,18.0,maintain,8.0,4,23,4,5,3898,58,strength,161,63,2100,138,1,2.2,5,8,7,9,9,high,28,1,1,0,good,Light Cardio,Balanced Diet,Reduce Screen Time,Meditation,Skin Care
U0039,18,Male,63,151,27.6,weight_loss,8.5,3,23,5,6,11818,6,none,141,111,2538,140,4,2.5,3,7,4,6,9,low,0,5,5,2,poor,Weight Loss Workout,Balanced Diet,None,None,Maintain Routine
U0040,18,Female,71,153,30.3,muscle_gain,7.8,3,22,3,6,7028,30,none,327,104,1715,81,6,3.4,2,4,2,4,10,high,18,4,4,1,poor,Weight Loss Workout,Balanced Diet,None,Relaxation,Maintain Routine
U0041,44,Male,60,169,21.0,muscle_gain,8.5,2,23,7,10,11380,39,strength,309,84,2492,140,3,2.8,5,4,4,6,11,low,7,2,1,3,poor,Moderate Workout,Balanced Diet,None,None,Skin Care
U0042,43,Male,63,178,19.9,stress_relief,8.2,3,21,3,5,4476,25,strength,281,82,2324,30,6,1.9,4,8,5,8,4,low,8,2,4,0,good,Moderate Workout,High Protein,Reduce Screen Time,Meditation,Hydration
U0043,43,Male,74,184,21.9,muscle_gain,8.6,2,22,5,2,7490,16,mixed,463,118,2702,83,0,2.5,3,5,8,2,4,low,10,2,4,1,good,Moderate Workout,Balanced Diet,None,None,Maintain Routine
U0044,34,Male,69,166,25.0,weight_loss,4.7,4,1,9,1,5422,0,mixed,240,89,1714,80,2,3.4,3,1,8,4,5,low,13,3,2,1,average,Moderate Workout,Balanced Diet,Improve Sleep,None,Skin Care
U0045,45,Male,87,179,27.2,maintain,4.8,1,1,8,7,5873,9,none,465,93,2903,126,6,3.9,5,2,7,6,11,low,24,3,3,4,average,Weight Loss Workout,Low Carb,Improve Sleep,None,Maintain Routine
U0046,42,Male,52,186,15.0,maintain,7.3,2,23,7,8,10503,55,strength,499,63,3023,66,5,1.6,4,7,2,8,5,high,0,5,3,4,poor,Strength Training,Low Carb,Reduce Screen Time,Relaxation,Hydration
U0047,21,Male,51,167,18.3,weight_loss,8.1,4,23,5,2,5566,54,mixed,119,64,2304,67,5,2.1,2,3,4,3,9,low,9,3,1,1,poor,Moderate Workout,Balanced Diet,None,None,Skin Care
U0048,34,Female,89,158,35.7,muscle_gain,7.2,1,23,5,4,7809,57,cardio,208,93,3250,66,2,3.5,5,5,10,5,4,medium,1,1,5,0,average,Weight Loss Workout,Low Carb,None,None,Maintain Routine
U0049,43,Female,91,172,30.8,muscle_gain,4.7,1,23,7,2,7136,52,none,493,104,2924,55,4,2.1,3,2,6,4,4,high,20,4,3,1,good,Weight Loss Workout,Low Carb,Improve Sleep,None,Maintain Routine
U0050,38,Male,60,189,16.8,stress_relief,8.6,3,23,5,2,5150,46,mixed,345,81,1568,85,0,1.8,4,4,3,4,7,high,16,3,5,2,average,Strength Training,Balanced Diet,None,Relaxation,Hydration
U0051,26,Female,58,151,25.4,weight_loss,5.8,1,21,2,8,7185,24,none,390,62,3021,130,3,3.1,3,6,2,5,6,low,11,3,3,0,good,Weight Loss Workout,Low Carb,Improve Sleep,Relaxation,Maintain Routine
U0052,34,Female,65,161,25.1,stress_relief,7.8,5,21,4,5,3421,15,strength,299,84,1965,118,3,1.7,3,9,10,8,11,medium,15,1,2,4,average,Weight Loss Workout,Balanced Diet,Reduce Screen Time,Meditation,Hydration
U0053,43,Male,64,163,24.1,weight_loss,7.7,3,22,5,7,2500,17,none,471,98,2494,47,2,3.5,2,8,3,5,7,low,1,3,5,2,average,Light Cardio,High Protein,None,Meditation,Maintain Routine
U0054,40,Male,64,188,18.1,stress_relief,6.7,5,21,2,2,9684,41,mixed,481,61,1810,128,1,4.0,4,7,2,9,11,high,26,4,5,5,good,Moderate Workout,Balanced Diet,Reduce Screen Time,Relaxation,Maintain Routine
U0055,46,Female,93,165,34.2,maintain,6.0,1,0,5,1,4760,2,cardio,241,115,3193,143,3,3.1,2,9,1,6,9,high,8,1,1,3,poor,Weight Loss Workout,Low Carb,None,Meditation,Skin Care
U0056,43,Male,92,186,26.6,stress_relief,6.1,3,1,7,9,8878,51,mixed,158,67,3183,122,6,1.7,4,10,2,2,5,low,16,2,3,5,good,Weight Loss Workout,Low Carb,None,Meditation,Hydration
U0057,22,Female,98,172,33.1,weight_loss,8.6,2,21,2,10,3466,49,strength,161,76,1715,32,2,1.7,5,9,9,5,9,low,1,3,1,2,poor,Weight Loss Workout,High Protein,None,Meditation,Hydration
U0058,45,Male,52,158,20.8,weight_loss,8.3,2,21,4,8,10752,4,none,325,83,2647,108,5,1.8,2,10,2,7,8,low,27,5,5,0,average,Moderate Workout,Balanced Diet,None,Meditation,Hydration
U0059,25,Male,78,181,23.8,maintain,8.1,2,23,4,1,10477,23,none,435,99,1591,126,2,3.6,2,9,5,3,7,high,26,4,5,2,good,Moderate Workout,Balanced Diet,None,Meditation,Maintain Routine
U0060,43,Male,72,180,22.2,muscle_gain,4.6,3,1,7,7,4998,17,mixed,357,73,2088,122,3,1.0,5,1,9,2,11,high,1,4,5,2,average,Moderate Workout,Balanced Diet,Improve Sleep,None,Hydration
U0061,36,Female,59,156,24.2,weight_loss,8.8,4,0,7,5,6084,21,mixed,451,95,2765,97,2,1.5,5,6,1,3,9,low,21,2,3,1,average,Moderate Workout,Balanced Diet,None,Relaxation,Hydration
U0062,31,Female,61,178,19.3,stress_relief,7.2,4,1,9,7,9220,10,cardio,233,106,1578,61,2,1.8,4,10,2,7,5,low,3,1,3,4,good,Moderate Workout,Balanced Diet,None,Meditation,Hydration
U0063,24,Male,78,178,24.6,maintain,5.1,2,0,6,3,3896,43,mixed,191,88,1520,76,4,2.9,3,3,9,6,6,high,0,2,4,5,poor,Light Cardio,Balanced Diet,Improve Sleep,None,Maintain Routine
U0064,19,Male,98,184,28.9,weight_loss,7.6,2,0,8,8,6179,45,cardio,244,88,2832,37,6,2.4,3,4,7,4,8,low,23,4,2,2,average,Weight Loss Workout,Low Carb,None,None,Skin Care
U0065,32,Male,63,179,19.7,maintain,4.6,4,0,8,9,6797,47,cardio,418,81,2513,146,4,2.8,5,1,8,6,5,medium,17,3,5,0,good,Moderate Workout,Balanced Diet,Improve Sleep,None,Maintain Routine
U0066,45,Female,60,157,24.3,muscle_gain,7.7,1,21,5,9,4117,31,none,179,113,2609,121,3,2.0,5,2,1,3,4,low,8,5,1,4,average,Moderate Workout,Balanced Diet,None,Relaxation,Skin Care
U0067,39,Male,87,151,38.2,maintain,5.0,2,22,5,2,1105,54,mixed,404,99,3494,90,2,3.7,2,6,9,8,10,low,17,4,2,3,average,Weight Loss Workout,Low Carb,Improve Sleep,None,Skin Care
U0068,37,Female,60,156,24.7,stress_relief,6.8,2,22,5,3,8294,40,mixed,461,73,2470,111,5,2.8,5,9,3,3,6,high,13,4,5,4,poor,Moderate Workout,Balanced Diet,None,Meditation,Maintain Routine
U0069,38,Male,93,181,28.4,muscle_gain,4.1,3,1,9,8,3920,58,none,301,110,1534,90,4,2.3,4,1,7,5,4,medium,20,2,5,3,good,Weight Loss Workout,Balanced Diet,Improve Sleep,None,Maintain Routine
U0070,21,Female,73,169,25.6,muscle_gain,8.3,1,0,6,5,6631,35,strength,434,93,2431,35,6,1.8,4,10,6,6,7,high,12,2,5,0,poor,Weight Loss Workout,High Protein,None,Meditation,Hydration
U0071,43,Female,97,185,28.3,muscle_gain,4.9,4,22,5,5,5648,53,mixed,480,106,1513,149,6,2.1,3,7,6,2,6,low,24,4,2,2,good,Weight Loss Workout,Balanced Diet,Improve Sleep,None,Skin Care
U0072,22,Male,89,150,39.6,stress_relief,4.7,5,23,5,3,1629,13,mixed,192,69,2343,123,0,2.3,5,8,1,2,11,medium,19,4,1,2,good,Weight Loss Workout,Balanced Diet,Improve Sleep,Meditation,Skin Care
U0073,32,Male,86,161,33.2,weight_loss,8.2,4,0,7,6,1619,58,cardio,469,73,3165,102,6,1.7,3,1,7,4,9,low,20,3,5,0,good,Weight Loss Workout,Low Carb,None,None,Hydration
U0074,36,Female,91,161,35.1,stress_relief,8.9,3,23,5,2,8473,28,cardio,138,90,2707,140,2,2.5,5,6,4,8,11,medium,12,4,2,1,poor,Weight Loss Workout,Balanced Diet,Reduce Screen Time,None,Skin Care
U0075,25,Female,50,170,17.3,maintain,7.4,5,22,3,7,6238,25,none,213,77,2668,55,6,2.7,5,8,9,7,7,low,0,3,5,4,good,Strength Training,Balanced Diet,None,Meditation,Maintain Routine
U0076,43,Female,51,177,16.3,muscle_gain,7.0,1,21,2,9,7924,8,cardio,176,90,1988,104,3,3.0,3,4,6,4,9,medium,17,5,1,2,good,Strength Training,Balanced Diet,None,None,Skin Care
U0077,28,Male,56,173,18.7,weight_loss,5.6,1,0,6,7,3190,20,none,415,88,2996,62,0,2.6,4,6,10,4,6,medium,13,2,2,5,good,Light Cardio,Low Carb,Improve Sleep,None,Skin Care
U0078,20,Male,57,175,18.6,stress_relief,8.2,4,1,6,10,5760,11,cardio,403,96,2474,73,3,2.8,5,7,6,7,5,high,10,5,5,2,poor,Moderate Workout,Balanced Diet,None,None,Maintain Routine
U0079,33,Male,74,164,27.5,stress_relief,8.6,4,1,6,6,5882,33,strength,480,63,2507,146,3,3.0,2,3,8,9,5,medium,17,2,1,4,average,Weight Loss Workout,Balanced Diet,Reduce Screen Time,None,Skin Care
U0080,42,Female,56,160,21.9,maintain,8.3,5,21,3,10,6047,35,mixed,473,66,3345,30,3,1.1,3,7,6,7,8,medium,27,1,2,0,poor,Moderate Workout,Low Carb,None,None,Hydration
U0081,27,Female,73,157,29.6,stress_relief,6.8,3,1,9,2,7807,18,mixed,159,98,2725,118,1,3.3,3,1,7,3,8,high,16,3,4,1,good,Weight Loss Workout,Balanced Diet,None,None,Maintain Routine
U0082,40,Male,71,166,25.8,stress_relief,5.6,3,0,7,10,10160,13,cardio,353,84,2269,93,2,2.8,3,3,10,7,8,high,8,1,3,3,average,Weight Loss Workout,Balanced Diet,Improve Sleep,None,Maintain Routine
U0083,36,Female,87,175,28.4,muscle_gain,8.5,5,0,8,5,8843,2,cardio,235,92,3414,99,0,2.9,2,1,2,5,8,high,20,2,3,5,good,Weight Loss Workout,Low Carb,None,Relaxation,Maintain Routine
U0084,43,Male,55,171,18.8,muscle_gain,9.0,2,21,4,2,10686,29,mixed,363,81,3335,87,3,3.9,2,9,7,9,5,medium,29,1,4,0,poor,Moderate Workout,Low Carb,Reduce Screen Time,Meditation,Maintain Routine
U0085,33,Female,77,172,26.0,maintain,4.8,5,0,8,8,9555,0,cardio,385,80,2607,99,5,1.3,4,1,5,9,7,medium,19,2,5,5,good,Weight Loss Workout,Balanced Diet,Improve Sleep,None,Hydration
U0086,40,Female,90,151,39.5,weight_loss,5.7,1,21,2,3,6299,22,strength,295,77,1810,35,2,3.4,4,6,5,5,5,high,16,2,2,4,poor,Weight Loss Workout,High Protein,Improve Sleep,None,Skin Care
U0087,47,Female,63,179,19.7,muscle_gain,4.7,4,21,4,5,8842,1,none,229,94,2989,107,3,2.7,3,9,2,2,8,medium,0,4,1,5,average,Moderate Workout,Low Carb,Improve Sleep,Meditation,Skin Care
U0088,31,Male,84,152,36.4,weight_loss,8.1,5,1,7,8,3964,33,mixed,124,74,3103,74,3,3.3,5,4,2,6,7,high,5,5,3,5,average,Weight Loss Workout,Low Carb,None,Relaxation,Maintain Routine
U0089,45,Male,80,168,28.3,maintain,6.8,2,22,3,2,7525,10,strength,352,90,2579,108,0,2.3,2,3,5,2,7,medium,13,3,4,0,poor,Weight Loss Workout,Balanced Diet,None,None,Maintain Routine
U0090,25,Male,88,186,25.4,stress_relief,5.5,4,0,8,6,4302,49,none,215,94,2018,56,3,2.4,4,5,6,6,9,high,1,3,5,5,average,Weight Loss Workout,Balanced Diet,Improve Sleep,None,Maintain Routine
U0091,32,Male,72,159,28.5,muscle_gain,4.9,5,21,2,5,11201,49,cardio,312,112,1837,130,4,1.1,2,3,1,5,6,high,20,4,5,1,average,Weight Loss Workout,Balanced Diet,Improve Sleep,Relaxation,Hydration
U0092,21,Female,89,167,31.9,maintain,5.9,4,1,7,10,7164,41,cardio,212,100,1691,46,0,3.8,3,1,10,3,5,low,27,3,2,2,average,Weight Loss Workout,High Protein,Improve Sleep,None,Skin Care
U0093,25,Male,66,164,24.5,stress_relief,6.3,5,23,4,1,7230,36,mixed,432,67,3028,116,2,3.0,4,8,3,9,4,low,19,5,2,5,poor,Moderate Workout,Low Carb,Reduce Screen Time,Meditation,Skin Care
U0094,37,Male,56,168,19.8,maintain,4.9,3,22,3,5,7493,53,mixed,107,69,3073,140,3,3.7,5,8,9,2,5,high,17,3,1,3,average,Moderate Workout,Low Carb,Improve Sleep,Meditation,Skin Care
U0095,21,Female,99,174,32.7,muscle_gain,8.0,4,23,7,2,11613,12,cardio,259,90,3435,61,3,1.5,3,1,8,3,10,low,24,3,4,1,good,Weight Loss Workout,Low Carb,None,None,Hydration
U0096,35,Female,69,179,21.5,weight_loss,7.4,3,21,5,5,10759,29,none,138,108,2279,134,6,1.8,2,5,8,7,11,medium,6,4,3,5,average,Moderate Workout,Balanced Diet,None,None,Hydration
U0097,28,Male,77,171,26.3,weight_loss,7.6,2,1,6,4,9474,49,none,187,103,1960,51,2,3.3,2,8,3,8,9,high,22,5,4,0,good,Weight Loss Workout,Balanced Diet,Reduce Screen Time,Meditation,Maintain Routine
U0098,32,Female,57,165,20.9,weight_loss,7.7,3,21,5,8,6343,41,strength,109,80,3419,75,6,2.8,3,9,9,5,7,medium,9,2,2,5,good,Moderate Workout,Low Carb,None,Meditation,Skin Care
U0099,31,Female,69,183,20.6,maintain,7.8,3,1,7,4,10596,3,mixed,493,83,2513,128,1,2.2,2,6,8,8,8,medium,5,4,4,0,good,Moderate Workout,Balanced Diet,Reduce Screen Time,None,Maintain Routine
U0100,37,Male,53,156,21.8,weight_loss,7.2,5,22,5,4,4959,23,strength,257,77,3438,60,3,3.5,2,3,6,9,8,medium,25,5,4,2,good,Moderate Workout,Low Carb,Reduce Screen Time,None,Maintain Routine
U0101,21,Female,67,182,20.2,maintain,5.1,3,0,7,9,2019,53,cardio,260,76,1697,33,3,3.4,4,6,7,2,5,low,24,4,5,1,average,Light Cardio,High Protein,Improve Sleep,None,Maintain Routine
U0102,20,Male,94,179,29.3,muscle_gain,6.6,5,23,4,3,2449,34,strength,168,88,3355,66,3,3.4,3,5,4,7,5,medium,6,2,3,0,good,Weight Loss Workout,Low Carb,None,None,Maintain Routine
U0103,21,Female,69,180,21.3,stress_relief,6.4,5,0,6,6,10435,6,none,319,73,2131,39,5,2.3,2,6,9,6,7,high,19,2,2,2,good,Moderate Workout,High Protein,None,None,Skin Care
U0104,38,Female,76,182,22.9,maintain,4.4,2,23,7,8,10135,6,cardio,253,103,3411,43,0,2.5,2,2,5,4,10,medium,4,1,3,2,good,Moderate Workout,Low Carb,Improve Sleep,None,Maintain Routine
U0105,38,Female,90,161,34.7,weight_loss,4.8,4,22,3,7,1597,54,cardio,180,83,3096,90,1,2.2,4,9,7,7,4,low,1,2,1,1,good,Weight Loss Workout,Low Carb,Improve Sleep,Meditation,Skin Care
U0106,22,Female,97,171,33.2,weight_loss,7.3,2,23,4,7,9535,46,mixed,393,119,2070,39,2,1.2,4,1,7,6,7,medium,3,4,5,5,average,Weight Loss Workout,High Protein,None,None,Hydration
U0107,44,Male,77,189,21.6,muscle_gain,6.8,2,21,5,3,11183,43,cardio,141,111,1726,35,6,3.0,2,2,3,6,6,high,23,4,2,3,good,Moderate Workout,High Protein,None,Relaxation,Skin Care
U0108,21,Male,57,170,19.7,maintain,7.2,2,22,6,4,4525,11,strength,362,75,1886,138,2,3.7,4,8,6,2,7,low,22,5,4,2,good,Moderate Workout,Balanced Diet,None,Meditation,Maintain Routine
U0109,21,Female,95,155,39.5,muscle_gain,8.3,1,0,7,7,8183,0,none,208,114,2512,50,5,2.9,5,6,10,8,6,high,26,5,1,2,good,Weight Loss Workout,Balanced Diet,Reduce Screen Time,None,Skin Care
U0110,21,Male,83,169,29.1,muscle_gain,4.4,5,23,4,9,10587,37,strength,233,78,3095,73,0,2.4,4,9,5,9,5,medium,2,4,4,5,average,Weight Loss Workout,Low Carb,Improve Sleep,Meditation,Maintain Routine
U0111,33,Male,75,177,23.9,muscle_gain,7.6,3,0,6,9,7450,46,strength,413,70,2452,52,5,3.2,5,3,1,5,8,medium,1,3,4,5,good,Moderate Workout,Balanced Diet,None,Relaxation,Maintain Routine
U0112,37,Female,57,150,25.3,maintain,5.4,3,0,6,9,6925,14,none,120,94,2836,146,4,3.0,3,4,1,8,4,high,27,5,2,2,good,Weight Loss Workout,Low Carb,Improve Sleep,Relaxation,Skin Care
U0113,23,Male,72,176,23.2,maintain,4.6,4,1,9,3,6661,13,none,183,108,1780,69,5,3.8,4,6,9,4,9,high,2,2,3,0,good,Moderate Workout,Balanced Diet,Improve Sleep,None,Maintain Routine
U0114,24,Female,68,158,27.2,maintain,6.2,5,1,9,8,11704,29,cardio,419,92,2899,81,0,3.5,2,3,9,4,9,medium,8,4,3,3,average,Weight Loss Workout,Low Carb,None,None,Maintain Routine
U0115,26,Male,90,171,30.8,stress_relief,4.9,5,21,5,3,1778,45,strength,354,80,2848,77,3,1.7,5,1,5,6,4,low,8,4,3,0,average,Weight Loss Workout,Low Carb,Improve Sleep,None,Hydration
U0116,41,Female,57,150,25.3,weight_loss,7.5,4,0,6,9,11265,51,cardio,331,80,3342,67,3,3.4,4,4,7,8,7,medium,11,5,3,5,average,Weight Loss Workout,Low Carb,Reduce Screen Time,None,Maintain Routine
U0117,41,Female,90,176,29.1,weight_loss,5.3,1,22,3,6,9921,26,mixed,479,101,2972,86,4,2.4,4,8,3,9,8,low,12,5,1,5,good,Weight Loss Workout,Low Carb,Improve Sleep,Meditation,Skin Care
U0118,47,Female,82,169,28.7,muscle_gain,6.3,5,21,5,10,6482,53,strength,332,68,2867,66,0,2.9,5,5,3,4,10,high,8,5,3,5,poor,Weight Loss Workout,Low Carb,None,Relaxation,Maintain Routine
U0119,28,Male,89,150,39.6,stress_relief,7.6,5,1,6,1,7246,27,strength,107,84,2358,75,6,3.2,4,7,1,8,7,medium,17,2,4,5,good,Weight Loss Workout,Balanced Diet,Reduce Screen Time,Relaxation,Maintain Routine
U0120,48,Female,86,167,30.8,maintain,7.0,4,21,2,10,8922,14,cardio,357,88,1604,103,1,3.7,2,10,2,4,9,low,24,4,3,3,average,Weight Loss Workout,Balanced Diet,None,Meditation,Maintain Routine
U0121,44,Male,78,151,34.2,muscle_gain,8.1,2,21,2,3,3282,0,none,400,74,2485,130,4,3.4,4,9,7,9,4,medium,27,5,3,1,poor,Weight Loss Workout,Balanced Diet,Reduce Screen Time,Meditation,Maintain Routine
U0122,30,Male,87,158,34.9,muscle_gain,7.0,4,22,6,3,3242,27,mixed,434,100,2586,52,2,2.7,3,9,6,5,7,low,23,2,4,4,poor,Weight Loss Workout,Balanced Diet,None,Meditation,Maintain Routine
U0123,21,Male,50,150,22.2,maintain,4.8,5,22,6,2,3011,34,none,225,70,2316,142,5,3.5,5,2,4,9,7,medium,0,4,1,4,average,Light Cardio,Balanced Diet,Improve Sleep,None,Skin Care
U0124,22,Female,52,173,17.4,maintain,4.7,2,23,5,6,5458,26,strength,150,109,1761,88,4,2.4,3,10,5,3,8,low,9,4,5,2,poor,Strength Training,Balanced Diet,Improve Sleep,Meditation,Maintain Routine
U0125,23,Female,58,167,20.8,weight_loss,4.4,3,0,5,6,4236,40,cardio,496,93,1864,115,4,3.5,4,3,10,3,11,low,18,2,1,4,average,Moderate Workout,Balanced Diet,Improve Sleep,None,Skin Care
U0126,48,Female,93,170,32.2,maintain,6.8,3,21,5,8,7626,12,none,453,70,2495,80,4,4.0,5,2,8,7,4,medium,18,5,5,3,good,Weight Loss Workout,Balanced Diet,None,None,Maintain Routine
U0127,34,Male,68,185,19.9,maintain,8.8,5,22,5,6,2708,46,mixed,345,80,3281,40,6,1.4,2,8,4,2,9,medium,11,1,3,2,average,Light Cardio,Low Carb,None,Meditation,Hydration
U0128,33,Female,55,181,16.8,maintain,5.5,4,23,4,8,3454,14,none,302,116,1998,143,0,3.6,3,2,3,8,10,high,3,5,3,0,good,Strength Training,Balanced Diet,Improve Sleep,Relaxation,Maintain Routine
U0129,34,Male,81,182,24.5,stress_relief,4.3,3,23,4,7,3767,49,mixed,121,88,3249,72,2,3.1,3,5,2,2,11,high,23,1,3,2,average,Light Cardio,Low Carb,Improve Sleep,Relaxation,Maintain Routine
U0130,25,Female,56,189,15.7,muscle_gain,4.1,1,0,5,5,7144,14,cardio,240,99,2147,34,3,3.0,4,1,4,4,5,high,7,1,2,5,average,Strength Training,High Protein,Improve Sleep,None,Skin Care
U0131,49,Female,80,179,25.0,muscle_gain,5.5,3,0,5,2,3092,18,none,457,75,2589,69,0,2.5,3,6,2,3,5,low,23,4,2,2,poor,Light Cardio,Balanced Diet,Improve Sleep,Relaxation,Skin Care
U0132,31,Female,78,176,25.2,maintain,6.4,1,21,2,5,3828,20,none,152,78,2836,54,5,1.6,4,7,10,3,7,medium,19,4,2,5,average,Weight Loss Workout,Low Carb,None,None,Hydration
U0133,45,Female,64,173,21.4,muscle_gain,6.8,4,1,8,7,7919,17,mixed,218,90,3497,63,1,3.5,4,9,1,8,4,high,16,2,5,1,average,Moderate Workout,Low Carb,Reduce Screen Time,Meditation,Maintain Routine
U0134,49,Female,66,187,18.9,maintain,6.9,1,1,9,9,6951,28,mixed,238,116,2076,136,2,2.7,3,4,4,3,10,high,12,3,1,5,poor,Moderate Workout,Balanced Diet,None,None,Skin Care
U0135,22,Male,75,172,25.4,weight_loss,5.9,3,21,5,7,7318,22,cardio,334,72,2624,62,3,1.4,5,9,9,6,7,high,18,4,5,1,good,Weight Loss Workout,Balanced Diet,Improve Sleep,Meditation,Hydration
U0136,22,Female,77,188,21.8,stress_relief,6.2,2,23,7,9,10083,6,cardio,112,77,2240,42,3,3.6,5,9,9,7,6,medium,23,1,4,4,poor,Moderate Workout,High Protein,None,Meditation,Maintain Routine
U0137,30,Male,58,183,17.3,stress_relief,8.7,4,22,5,6,10131,20,mixed,409,113,2588,129,4,1.9,4,9,1,7,9,medium,20,4,5,1,average,Strength Training,Balanced Diet,None,Meditation,Hydration
U0138,30,Male,73,187,20.9,muscle_gain,4.1,4,22,5,9,9578,46,strength,116,71,2705,145,4,2.4,5,10,10,7,4,high,27,1,4,1,poor,Moderate Workout,Balanced Diet,Improve Sleep,Meditation,Maintain Routine
U0139,39,Male,90,179,28.1,muscle_gain,4.9,5,21,2,7,5025,6,mixed,412,71,3051,109,2,3.0,2,7,4,8,6,low,10,1,1,4,average,Weight Loss Workout,Low Carb,Improve Sleep,None,Skin Care
U0140,44,Female,52,189,14.6,weight_loss,5.1,2,22,6,7,10433,3,strength,203,68,2130,34,3,2.6,4,6,9,2,6,medium,11,2,1,1,good,Strength Training,High Protein,Improve Sleep,None,Skin Care
U0141,27,Male,60,168,21.3,weight_loss,8.1,4,0,7,1,2072,46,mixed,201,83,2961,89,0,3.7,2,2,10,2,5,low,19,4,1,2,average,Light Cardio,Low Carb,None,None,Skin Care
U0142,18,Female,76,187,21.7,muscle_gain,5.2,5,22,3,5,8557,37,strength,185,77,3113,103,5,2.3,3,3,6,6,11,low,10,4,1,0,poor,Moderate Workout,Low Carb,Improve Sleep,None,Skin Care
U0143,30,Female,80,160,31.2,stress_relief,7.3,1,0,7,8,8866,25,strength,431,70,1856,118,1,2.8,4,6,6,3,5,medium,3,4,3,4,poor,Weight Loss Workout,Balanced Diet,None,None,Maintain Routine
U0144,46,Female,92,166,33.4,maintain,6.6,2,22,5,8,4212,41,mixed,451,95,1994,123,0,2.4,2,4,8,3,9,low,21,4,1,4,average,Weight Loss Workout,Balanced Diet,None,None,Skin Care
U0145,21,Male,77,177,24.6,muscle_gain,8.0,5,22,6,8,3369,54,mixed,190,81,2112,56,0,2.2,5,10,4,2,9,high,26,2,3,0,good,Light Cardio,Balanced Diet,None,Meditation,Maintain Routine
U0146,46,Male,69,152,29.9,stress_relief,7.8,3,23,4,7,4674,25,strength,116,77,2184,145,4,2.7,4,2,4,2,5,low,25,2,5,3,poor,Weight Loss Workout,Balanced Diet,None,None,Maintain Routine
U0147,27,Male,90,160,35.2,weight_loss,5.1,1,21,3,2,2772,40,cardio,167,64,2779,40,2,2.3,5,10,3,4,8,high,14,2,5,4,average,Weight Loss Workout,High Protein,Improve Sleep,Meditation,Maintain Routine
U0148,21,Male,64,169,22.4,muscle_gain,5.0,5,21,5,3,1614,45,mixed,423,117,1770,128,4,2.4,4,8,8,8,8,medium,28,2,4,2,average,Light Cardio,Balanced Diet,Improve Sleep,Meditation,Maintain Routine
U0149,42,Male,72,172,24.3,weight_loss,4.2,5,21,2,9,9891,53,strength,456,116,3173,69,6,1.6,2,4,3,9,6,medium,14,4,4,3,average,Moderate Workout,Low Carb,Improve Sleep,Relaxation,Hydration
U0150,36,Male,96,185,28.0,weight_loss,8.2,2,22,4,5,7680,47,none,305,116,2905,141,2,4.0,5,7,8,7,8,medium,20,1,3,1,average,Weight Loss Workout,Low Carb,None,None,Maintain Routine
U0151,49,Male,58,183,17.3,weight_loss,8.8,2,21,2,4,6679,51,none,252,118,2416,130,5,3.3,4,9,3,5,4,low,23,2,3,5,good,Strength Training,Balanced Diet,None,Meditation,Maintain Routine
U0152,32,Male,66,188,18.7,muscle_gain,8.0,5,21,2,6,5357,19,mixed,344,62,2860,92,0,3.2,4,7,1,2,6,medium,14,4,4,1,good,Moderate Workout,Low Carb,None,Relaxation,Maintain Routine
U0153,36,Male,89,184,26.3,muscle_gain,7.5,2,1,8,4,7871,58,cardio,438,65,2388,126,0,2.6,2,1,5,4,11,medium,7,5,3,2,poor,Weight Loss Workout,Balanced Diet,None,None,Maintain Routine
U0154,28,Female,69,174,22.8,maintain,5.5,2,23,4,5,11758,13,mixed,474,62,3149,45,6,3.7,3,4,8,5,4,low,11,5,3,4,poor,Moderate Workout,Low Carb,Improve Sleep,None,Maintain Routine
U0155,29,Male,82,155,34.1,weight_loss,7.7,5,23,4,2,4951,40,none,313,64,3414,95,5,2.1,5,1,4,7,10,high,22,3,5,3,good,Weight Loss Workout,Low Carb,None,None,Maintain Routine
U0156,41,Female,90,159,35.6,weight_loss,4.1,5,22,3,2,1517,57,cardio,417,100,3488,111,1,2.7,2,1,7,4,6,medium,1,1,3,1,average,Weight Loss Workout,Low Carb,Improve Sleep,None,Maintain Routine
U0157,23,Female,92,175,30.0,maintain,4.4,5,0,7,9,3195,43,none,183,94,1866,95,5,2.9,3,3,6,8,6,medium,8,1,1,2,poor,Weight Loss Workout,Balanced Diet,Improve Sleep,None,Skin Care
U0158,45,Female,53,178,16.7,weight_loss,4.6,1,22,3,6,3994,47,cardio,478,115,3313,129,1,2.1,2,1,1,6,7,high,16,1,4,2,good,Strength Training,Low Carb,Improve Sleep,Relaxation,Maintain Routine
U0159,27,Female,94,158,37.7,muscle_gain,4.9,1,22,4,6,4490,51,none,440,84,3447,140,6,3.5,4,9,10,4,11,low,10,1,1,1,average,Weight Loss Workout,Low Carb,Improve Sleep,Meditation,Skin Care
U0160,37,Male,88,189,24.6,weight_loss,8.1,4,21,2,5,3346,47,strength,395,70,1560,79,2,1.6,2,2,7,3,5,medium,18,4,3,4,average,Light Cardio,Balanced Diet,None,None,Hydration
U0161,20,Female,50,187,14.3,maintain,7.7,3,22,3,9,11748,5,none,444,98,2892,89,3,3.7,2,9,2,9,6,low,1,5,2,2,poor,Strength Training,Low Carb,Reduce Screen Time,Meditation,Skin Care
U0162,45,Female,85,189,23.8,muscle_gain,7.2,5,0,6,2,1062,21,mixed,238,117,2708,106,3,2.8,4,6,8,5,7,high,0,3,2,0,good,Light Cardio,Balanced Diet,None,None,Skin Care
U0163,23,Female,97,170,33.6,weight_loss,4.4,2,0,5,2,3668,46,mixed,182,94,2463,98,0,1.9,5,8,10,8,4,low,28,2,4,0,good,Weight Loss Workout,Balanced Diet,Improve Sleep,Meditation,Hydration
U0164,40,Female,81,181,24.7,weight_loss,5.6,2,21,3,10,3854,15,cardio,468,80,2328,38,5,2.7,4,7,6,2,9,low,9,1,4,2,average,Light Cardio,High Protein,Improve Sleep,None,Maintain Routine
U0165,42,Male,58,171,19.8,weight_loss,6.3,5,0,7,7,6164,16,none,203,80,1949,130,5,3.4,3,6,6,2,9,low,29,3,2,2,average,Moderate Workout,Balanced Diet,None,None,Skin Care
U0166,43,Female,83,185,24.3,weight_loss,5.1,3,23,5,8,8751,42,cardio,236,106,2812,91,0,2.6,3,8,10,2,8,medium,1,3,5,5,good,Moderate Workout,Low Carb,Improve Sleep,Meditation,Maintain Routine
U0167,19,Male,97,162,37.0,weight_loss,6.5,5,1,8,8,7160,6,cardio,424,85,1804,96,6,3.3,4,5,1,2,9,low,10,1,3,4,poor,Weight Loss Workout,Balanced Diet,None,Relaxation,Maintain Routine
U0168,32,Male,75,181,22.9,stress_relief,8.4,4,21,5,8,4904,28,cardio,185,75,1924,144,3,2.0,2,7,3,4,5,low,12,3,3,4,average,Moderate Workout,Balanced Diet,None,Relaxation,Maintain Routine
U0169,47,Male,67,189,18.8,maintain,5.4,2,0,7,9,6991,35,none,319,111,2324,78,4,2.4,2,6,4,9,8,high,9,5,3,2,poor,Moderate Workout,Balanced Diet,Improve Sleep,None,Maintain Routine
U0170,39,Female,53,189,14.8,maintain,5.8,3,22,5,2,10277,48,cardio,447,90,2647,127,4,1.3,5,9,4,9,4,medium,25,5,5,5,poor,Strength Training,Balanced Diet,Improve Sleep,Meditation,Hydration
U0171,49,Female,84,166,30.5,weight_loss,5.0,4,1,8,7,4163,8,none,319,65,2424,87,0,1.8,4,3,5,9,5,medium,4,5,2,3,average,Weight Loss Workout,Balanced Diet,Improve Sleep,None,Hydration
U0172,46,Male,65,160,25.4,stress_relief,6.9,1,1,8,2,2629,29,mixed,237,103,1894,108,0,2.8,3,3,10,8,5,medium,16,1,3,5,poor,Weight Loss Workout,Balanced Diet,Reduce Screen Time,None,Maintain Routine
U0173,47,Male,79,150,35.1,weight_loss,8.1,5,22,4,4,8957,9,none,306,63,3003,52,6,1.6,5,10,5,5,7,low,27,1,5,5,average,Weight Loss Workout,Low Carb,None,Meditation,Hydration
U0174,46,Male,84,181,25.6,maintain,6.8,2,21,5,8,9092,6,mixed,176,97,3437,31,2,3.4,2,6,4,5,6,low,26,5,2,2,good,Weight Loss Workout,Low Carb,None,None,Skin Care
U0175,44,Male,64,180,19.8,stress_relief,6.1,1,23,7,5,5594,53,none,403,112,2302,115,5,1.1,5,2,1,9,7,high,14,3,2,2,poor,Moderate Workout,Balanced Diet,Reduce Screen Time,Relaxation,Hydration
U0176,33,Male,59,170,20.4,maintain,6.9,5,1,8,3,11922,1,strength,160,102,3188,49,2,3.6,4,2,7,5,8,high,26,5,3,4,average,Moderate Workout,Low Carb,None,None,Maintain Routine
U0177,21,Female,87,169,30.5,weight_loss,6.5,3,1,7,7,7837,17,mixed,174,80,2439,34,6,3.1,4,9,9,7,5,medium,18,1,4,0,poor,Weight Loss Workout,High Protein,None,Meditation,Maintain Routine
U0178,25,Female,71,171,24.3,muscle_gain,7.3,5,22,6,2,2135,32,none,158,102,1706,41,5,3.1,3,3,8,3,9,low,12,2,5,0,average,Light Cardio,High Protein,None,None,Maintain Routine
U0179,19,Female,60,175,19.6,stress_relief,4.5,3,0,8,8,8129,29,cardio,227,79,2127,84,5,3.0,4,8,5,8,11,high,8,3,3,3,good,Moderate Workout,Balanced Diet,Improve Sleep,Meditation,Maintain Routine
U0180,27,Male,57,180,17.6,maintain,8.2,4,0,7,5,6750,11,cardio,372,101,2873,58,2,2.7,3,2,7,5,5,medium,26,4,2,5,average,Strength Training,Low Carb,None,None,Skin Care
U0181,49,Female,86,164,32.0,stress_relief,8.9,1,0,8,7,7026,45,mixed,491,88,2361,85,3,3.5,5,1,4,6,8,low,25,4,2,5,poor,Weight Loss Workout,Balanced Diet,None,None,Skin Care
U0182,41,Male,71,172,24.0,muscle_gain,8.1,3,0,6,5,2289,39,mixed,337,83,2878,73,3,2.5,2,1,7,8,10,medium,24,2,5,1,good,Light Cardio,Low Carb,Reduce Screen Time,None,Maintain Routine
U0183,39,Male,97,174,32.0,muscle_gain,7.3,1,22,5,7,5774,12,cardio,131,68,1539,49,1,1.6,3,9,6,4,7,high,24,3,2,3,poor,Weight Loss Workout,High Protein,None,Meditation,Hydration
U0184,42,Female,62,189,17.4,weight_loss,8.8,5,23,4,9,2881,13,none,409,63,3074,101,0,3.2,4,6,6,9,7,low,29,3,4,2,good,Strength Training,Low Carb,Reduce Screen Time,None,Maintain Routine
U0185,39,Female,71,165,26.1,stress_relief,8.6,1,23,5,3,1698,11,cardio,414,90,1848,98,5,4.0,4,9,5,3,7,high,21,4,5,4,poor,Weight Loss Workout,Balanced Diet,None,Meditation,Maintain Routine
U0186,27,Female,62,169,21.7,weight_loss,4.8,1,21,4,1,4129,7,strength,318,104,2802,75,2,1.7,4,7,5,2,7,low,28,2,2,0,average,Moderate Workout,Low Carb,Improve Sleep,None,Hydration
U0187,24,Male,99,181,30.2,weight_loss,7.5,2,1,8,5,2647,54,cardio,215,74,2724,81,1,3.3,2,7,4,7,4,low,19,1,1,3,poor,Weight Loss Workout,Balanced Diet,None,None,Skin Care
U0188,28,Female,58,165,21.3,stress_relief,4.2,1,1,7,9,6048,7,mixed,254,71,2844,136,1,2.2,4,7,1,2,11,medium,28,5,5,5,average,Moderate Workout,Low Carb,Improve Sleep,Relaxation,Maintain Routine
U0189,35,Female,94,186,27.2,stress_relief,6.2,1,21,4,3,11378,23,cardio,248,110,2973,92,2,2.9,4,1,6,4,11,medium,27,2,5,2,average,Weight Loss Workout,Low Carb,None,None,Maintain Routine
U0190,43,Male,62,185,18.1,stress_relief,7.4,1,21,5,7,11939,45,none,285,119,2878,139,2,3.5,3,2,8,2,10,medium,3,4,3,0,poor,Moderate Workout,Low Carb,None,None,Maintain Routine
U0191,33,Female,80,161,30.9,stress_relief,5.7,5,21,4,2,6698,57,mixed,217,101,2596,55,3,3.3,3,3,3,9,8,high,25,3,1,2,good,Weight Loss Workout,Balanced Diet,Improve Sleep,Relaxation,Skin Care
U0192,38,Female,96,175,31.3,muscle_gain,8.3,2,0,8,7,8299,22,mixed,282,107,1628,147,0,3.2,4,10,5,2,7,low,19,5,5,0,average,Weight Loss Workout,Balanced Diet,None,Meditation,Maintain Routine
U0193,46,Male,95,164,35.3,weight_loss,4.8,1,22,3,6,3672,42,mixed,463,106,1970,97,2,3.8,5,3,6,9,10,high,7,2,2,0,good,Weight Loss Workout,Balanced Diet,Improve Sleep,None,Skin Care
U0194,25,Male,54,160,21.1,muscle_gain,6.9,5,23,4,6,4932,4,cardio,158,107,3037,94,3,2.9,4,7,10,6,6,high,28,5,4,1,average,Moderate Workout,Low Carb,None,None,Maintain Routine
U0195,26,Male,70,180,21.6,stress_relief,5.7,4,21,5,1,6558,21,mixed,200,106,1884,94,0,2.7,3,10,5,8,4,medium,5,3,5,5,poor,Moderate Workout,Balanced Diet,Improve Sleep,Meditation,Maintain Routine
U0196,34,Male,62,175,20.2,weight_loss,8.2,5,23,5,8,4580,26,cardio,340,90,2768,149,2,1.1,2,6,10,2,10,low,1,2,5,1,average,Moderate Workout,Balanced Diet,None,None,Hydration
U0197,23,Male,53,167,19.0,weight_loss,8.6,5,0,7,3,5670,42,none,436,94,3438,49,3,3.0,3,8,8,6,8,low,6,3,2,0,poor,Moderate Workout,Low Carb,None,Meditation,Skin Care
U0198,49,Female,55,162,21.0,muscle_gain,6.7,5,0,8,4,5524,25,mixed,451,104,2717,60,2,1.7,5,9,7,6,5,high,23,4,3,1,good,Moderate Workout,Balanced Diet,None,Meditation,Hydration
U0199,42,Female,79,184,23.3,muscle_gain,5.6,2,1,6,7,7715,33,none,481,104,2162,98,5,2.6,3,4,7,7,11,medium,17,2,1,4,average,Moderate Workout,Balanced Diet,Improve Sleep,None,Skin Care
U0200,37,Female,91,152,39.4,maintain,7.6,4,0,5,9,10170,4,mixed,313,115,1953,64,5,1.4,3,7,10,4,4,high,13,1,2,0,poor,Weight Loss Workout,Balanced Diet,None,None,Hydration
U0201,26,Male,59,172,19.9,maintain,8.4,5,0,8,7,3971,33,cardio,347,107,1994,54,1,3.7,2,10,7,8,4,low,13,3,4,1,average,Light Cardio,Balanced Diet,Reduce Screen Time,Meditation,Maintain Routine
U0202,20,Male,70,160,27.3,weight_loss,8.7,1,22,6,9,10169,53,none,430,75,1740,144,1,3.6,4,10,6,2,7,high,14,2,4,3,good,Weight Loss Workout,Balanced Diet,None,Meditation,Maintain Routine
U0203,21,Male,75,151,32.9,maintain,6.7,4,0,5,1,1464,55,mixed,107,64,1589,109,3,2.4,2,5,7,9,9,medium,6,5,4,3,good,Weight Loss Workout,Balanced Diet,Reduce Screen Time,None,Maintain Routine
U0204,22,Male,64,152,27.7,stress_relief,7.5,4,23,4,10,4092,36,none,410,111,1784,49,0,1.8,5,2,6,9,11,medium,4,4,5,2,poor,Weight Loss Workout,High Protein,Reduce Screen Time,None,Hydration
U0205,19,Male,85,178,26.8,muscle_gain,5.7,4,21,4,3,7382,14,cardio,247,68,2811,33,1,2.2,5,7,5,7,5,low,11,2,5,1,good,Weight Loss Workout,Low Carb,Improve Sleep,None,Maintain Routine
U0206,27,Male,53,156,21.8,maintain,4.8,3,21,2,3,10822,52,mixed,421,118,3407,39,1,2.9,5,1,7,6,10,high,23,1,3,4,poor,Moderate Workout,Low Carb,Improve Sleep,None,Maintain Routine
U0207,43,Male,80,161,30.9,weight_loss,8.4,4,21,4,5,7761,6,strength,205,83,3295,137,2,1.4,5,2,3,5,6,medium,26,1,2,0,average,Weight Loss Workout,Low Carb,None,Relaxation,Hydration
U0208,45,Female,69,179,21.5,muscle_gain,4.7,5,22,6,10,6856,12,mixed,460,113,2053,76,4,3.0,2,6,9,5,5,high,26,1,2,1,good,Moderate Workout,Balanced Diet,Improve Sleep,None,Skin Care
U0209,19,Female,58,189,16.2,stress_relief,4.1,2,21,3,4,8206,59,strength,420,110,3159,65,5,1.9,4,9,2,6,10,low,27,4,5,4,average,Strength Training,Low Carb,Improve Sleep,Meditation,Hydration
U0210,31,Female,67,186,19.4,stress_relief,5.7,2,0,6,8,6573,35,cardio,121,73,2138,109,4,3.7,2,1,4,5,5,medium,2,5,3,2,good,Moderate Workout,Balanced Diet,Improve Sleep,None,Maintain Routine
U0211,21,Male,63,189,17.6,maintain,4.1,4,21,2,7,3364,6,strength,387,74,3079,46,0,2.4,5,2,5,6,6,high,7,3,3,0,good,Strength Training,Low Carb,Improve Sleep,None,Maintain Routine
U0212,48,Male,77,166,27.9,maintain,4.7,5,23,7,3,1325,24,none,377,61,3464,98,3,1.7,5,7,1,5,7,high,10,3,5,5,average,Weight Loss Workout,Low Carb,Improve Sleep,Relaxation,Hydration
U0213,33,Male,95,169,33.3,maintain,8.1,2,1,8,1,6968,1,cardio,439,65,1507,58,2,2.1,5,3,5,4,7,low,19,1,4,2,average,Weight Loss Workout,Balanced Diet,None,None,Maintain Routine
U0214,36,Female,94,176,30.3,maintain,4.9,4,21,3,4,3158,52,cardio,441,102,1710,101,3,2.7,3,3,10,8,6,low,27,1,4,2,poor,Weight Loss Workout,Balanced Diet,Improve Sleep,None,Maintain Routine
U0215,36,Female,80,164,29.7,maintain,5.2,2,22,5,6,3657,42,none,489,105,3407,131,0,2.8,2,3,8,9,6,medium,14,3,5,3,good,Weight Loss Workout,Low Carb,Improve Sleep,None,Maintain Routine
U0216,29,Female,95,187,27.2,stress_relief,5.8,5,1,7,5,1599,15,cardio,368,84,1880,147,5,2.0,3,4,1,8,9,medium,10,4,1,4,poor,Weight Loss Workout,Balanced Diet,Improve Sleep,Relaxation,Skin Care
U0217,35,Female,74,175,24.2,muscle_gain,6.3,1,0,6,3,9989,27,cardio,307,105,2937,145,4,3.6,3,8,9,4,9,medium,26,5,4,1,average,Moderate Workout,Low Carb,None,Meditation,Maintain Routine
U0218,49,Male,91,174,30.1,maintain,7.2,2,21,2,10,2464,6,mixed,480,109,2241,120,3,1.9,5,5,2,5,4,high,21,2,4,0,poor,Weight Loss Workout,Balanced Diet,None,Relaxation,Hydration
U0219,47,Female,84,158,33.6,stress_relief,5.7,3,0,6,4,6930,26,mixed,433,116,3181,57,3,3.6,4,4,5,2,10,medium,25,1,4,5,average,Weight Loss Workout,Low Carb,Improve Sleep,None,Maintain Routine
U0220,39,Male,93,151,40.8,stress_relief,8.1,2,22,3,7,7396,0,none,445,82,2613,138,5,3.2,5,8,6,4,8,medium,29,5,1,1,good,Weight Loss Workout,Balanced Diet,None,Meditation,Skin Care
U0221,27,Male,79,161,30.5,maintain,5.7,5,0,7,1,9938,52,none,357,111,3010,146,3,1.2,4,7,2,5,9,low,25,1,4,2,poor,Weight Loss Workout,Low Carb,Improve Sleep,Relaxation,Hydration
U0222,43,Male,67,153,28.6,stress_relief,5.8,5,22,6,6,10641,24,none,284,80,3090,45,6,2.6,5,3,7,2,4,medium,12,5,5,1,good,Weight Loss Workout,Low Carb,Improve Sleep,None,Maintain Routine
U0223,49,Male,88,159,34.8,muscle_gain,4.4,5,23,6,3,3395,28,none,134,65,2919,140,5,2.5,4,3,8,9,10,medium,19,4,3,4,poor,Weight Loss Workout,Low Carb,Improve Sleep,None,Maintain Routine
U0224,30,Female,65,172,22.0,weight_loss,9.0,1,0,6,5,2016,6,none,426,97,1725,70,5,2.6,2,1,10,4,11,medium,7,1,1,1,good,Light Cardio,Balanced Diet,None,None,Skin Care
U0225,34,Female,95,175,31.0,stress_relief,7.4,4,21,4,6,10642,24,strength,289,72,3078,107,3,1.2,5,9,3,9,6,high,8,4,4,0,average,Weight Loss Workout,Low Carb,Reduce Screen Time,Meditation,Hydration
U0226,42,Female,75,152,32.5,stress_relief,6.7,5,1,6,9,2141,17,none,437,61,3493,148,4,2.4,4,2,9,8,6,high,2,5,2,5,average,Weight Loss Workout,Low Carb,Reduce Screen Time,None,Skin Care
U0227,39,Male,90,173,30.1,weight_loss,6.0,3,22,6,7,6979,59,none,388,78,3063,81,4,1.5,2,10,3,3,10,high,7,5,4,5,average,Weight Loss Workout,Low Carb,None,Meditation,Hydration
U0228,33,Female,94,184,27.8,muscle_gain,4.1,5,22,6,5,7040,40,cardio,233,82,2126,93,6,2.5,4,2,7,8,4,low,24,3,5,3,average,Weight Loss Workout,Balanced Diet,Improve Sleep,None,Maintain Routine
U0229,41,Male,91,189,25.5,maintain,7.9,4,23,5,9,5340,44,cardio,386,80,2613,69,4,2.5,4,4,5,7,8,low,27,1,2,0,average,Weight Loss Workout,Balanced Diet,None,None,Skin Care
U0230,35,Male,60,155,25.0,weight_loss,5.2,5,23,5,2,6622,52,none,324,83,3054,47,0,2.1,5,3,1,5,4,low,16,4,3,1,good,Moderate Workout,Low Carb,Improve Sleep,Relaxation,Maintain Routine
U0231,33,Female,68,178,21.5,maintain,6.1,3,21,2,10,5576,33,mixed,335,99,2962,47,1,2.3,2,6,5,3,9,low,15,3,2,1,average,Moderate Workout,Low Carb,None,None,Skin Care
U0232,42,Female,73,167,26.2,stress_relief,5.8,4,21,2,9,7297,3,cardio,371,74,3134,81,4,2.4,5,2,2,6,8,medium,12,2,5,0,poor,Weight Loss Workout,Low Carb,Improve Sleep,Relaxation,Maintain Routine
U0233,33,Male,79,158,31.6,weight_loss,4.0,5,1,7,4,5471,12,mixed,136,69,3031,149,0,3.3,3,6,8,5,10,high,7,5,5,5,average,Weight Loss Workout,Low Carb,Improve Sleep,None,Maintain Routine
U0234,36,Male,74,180,22.8,maintain,8.8,4,21,2,2,4084,57,none,319,101,2898,99,2,1.9,3,6,4,9,8,high,21,3,4,2,average,Moderate Workout,Low Carb,Reduce Screen Time,None,Hydration
U0235,32,Female,73,165,26.8,weight_loss,5.9,1,0,7,3,7326,13,cardio,457,95,3042,59,2,3.4,5,6,8,4,11,medium,27,4,3,1,good,Weight Loss Workout,Low Carb,Improve Sleep,None,Maintain Routine
U0236,48,Male,56,162,21.3,maintain,7.9,4,21,3,8,1913,22,strength,384,84,2962,110,5,2.9,3,3,2,5,6,high,5,5,3,1,good,Light Cardio,Low Carb,None,Relaxation,Maintain Routine
U0237,39,Female,79,188,22.4,maintain,8.1,4,23,6,9,10836,0,cardio,290,67,2835,147,3,2.9,4,6,8,8,6,low,26,4,1,2,poor,Moderate Workout,Low Carb,Reduce Screen Time,None,Skin Care
U0238,27,Male,99,182,29.9,maintain,7.6,1,23,6,1,2412,47,mixed,102,111,3210,91,2,3.5,4,1,8,5,10,medium,17,2,3,1,poor,Weight Loss Workout,Low Carb,None,None,Maintain Routine
U0239,25,Male,96,152,41.6,weight_loss,5.5,5,0,5,1,9737,14,mixed,433,116,2872,127,1,2.3,2,7,9,7,9,high,21,2,1,4,average,Weight Loss Workout,Low Carb,Improve Sleep,None,Skin Care
U0240,42,Female,78,179,24.3,stress_relief,6.1,5,23,4,2,3681,48,none,372,75,1941,148,1,3.8,4,2,6,2,10,low,4,5,4,2,good,Light Cardio,Balanced Diet,None,None,Maintain Routine
U0241,22,Female,54,158,21.6,muscle_gain,5.1,1,23,7,6,8893,21,strength,256,97,1750,139,0,3.2,2,1,1,9,7,low,17,3,3,2,good,Moderate Workout,Balanced Diet,Improve Sleep,Relaxation,Maintain Routine
U0242,45,Female,55,185,16.1,muscle_gain,5.2,2,22,6,8,3741,12,cardio,328,102,1794,90,1,3.6,3,7,6,4,9,medium,1,2,4,2,poor,Strength Training,Balanced Diet,Improve Sleep,None,Maintain Routine
U0243,41,Female,89,156,36.6,muscle_gain,5.2,1,0,6,1,9243,49,none,384,80,1973,107,0,1.0,5,10,3,9,6,medium,19,3,1,5,good,Weight Loss Workout,Balanced Diet,Improve Sleep,Meditation,Hydration
U0244,34,Female,68,156,27.9,muscle_gain,6.8,4,23,5,6,3173,28,none,141,93,3484,60,5,1.2,4,10,1,7,9,high,24,3,3,0,average,Weight Loss Workout,Low Carb,None,Meditation,Hydration
U0245,20,Female,70,150,31.1,weight_loss,4.6,1,23,4,5,10743,43,none,160,113,3203,55,3,3.3,3,1,9,4,10,high,11,5,4,1,average,Weight Loss Workout,Low Carb,Improve Sleep,None,Maintain Routine
U0246,30,Female,63,163,23.7,stress_relief,4.8,3,22,4,2,9316,16,cardio,239,65,2673,61,0,2.9,3,5,10,7,6,medium,5,5,1,1,good,Moderate Workout,Balanced Diet,Improve Sleep,None,Skin Care
U0247,24,Male,75,176,24.2,weight_loss,4.2,5,23,4,5,8996,1,none,477,92,2347,116,5,2.1,3,10,3,8,6,high,28,2,1,0,good,Moderate Workout,Balanced Diet,Improve Sleep,Meditation,Skin Care
U0248,40,Male,81,152,35.1,maintain,8.0,1,21,2,4,10951,5,none,109,66,2613,127,5,3.4,3,1,1,3,6,high,14,2,3,3,good,Weight Loss Workout,Balanced Diet,None,Relaxation,Maintain Routine
U0249,49,Male,77,176,24.9,weight_loss,5.0,3,22,4,2,5734,35,strength,298,72,2794,118,6,2.2,5,10,1,4,5,low,4,3,5,5,good,Moderate Workout,Balanced Diet,Improve Sleep,Meditation,Maintain Routine
U0250,30,Female,95,189,26.6,stress_relief,6.7,5,21,3,9,11235,23,cardio,423,76,2796,146,1,3.9,5,10,5,6,5,high,28,2,5,0,average,Weight Loss Workout,Balanced Diet,None,Meditation,Maintain Routine
U0251,27,Female,86,169,30.1,weight_loss,5.6,1,21,2,4,8505,58,mixed,475,115,2058,136,3,1.1,4,5,7,4,5,medium,24,2,2,5,good,Weight Loss Workout,Balanced Diet,Improve Sleep,None,Hydration
U0252,35,Female,51,152,22.1,weight_loss,8.5,1,0,5,1,4767,2,none,148,114,2165,128,3,3.4,3,7,4,9,11,low,21,1,1,0,average,Moderate Workout,Balanced Diet,Reduce Screen Time,None,Skin Care
U0253,39,Female,57,165,20.9,weight_loss,6.3,4,21,3,10,5185,13,none,260,85,2644,74,3,1.6,5,4,10,4,5,medium,11,1,4,1,good,Moderate Workout,Balanced Diet,None,None,Hydration
U0254,30,Female,83,173,27.7,stress_relief,4.6,4,0,8,2,11985,8,none,178,72,2290,110,5,1.4,3,4,4,4,9,high,22,4,2,3,average,Weight Loss Workout,Balanced Diet,Improve Sleep,None,Hydration
U0255,33,Male,93,183,27.8,weight_loss,6.6,5,0,6,2,1523,51,none,345,89,2896,80,6,2.7,4,6,4,4,8,high,4,3,5,2,poor,Weight Loss Workout,Low Carb,None,None,Maintain Routine
U0256,49,Male,72,154,30.4,weight_loss,6.7,3,1,7,1,5500,7,cardio,476,70,1921,101,1,3.0,4,7,7,7,5,medium,11,2,1,1,average,Weight Loss Workout,Balanced Diet,None,None,Skin Care
U0257,34,Male,80,152,34.6,maintain,6.4,4,22,3,2,6204,21,cardio,231,77,1696,48,1,1.4,3,2,6,9,8,high,10,1,4,0,average,Weight Loss Workout,High Protein,Reduce Screen Time,None,Hydration
U0258,25,Female,85,160,33.2,muscle_gain,8.1,4,1,7,6,8124,21,cardio,335,109,1977,68,3,3.8,4,9,1,3,9,medium,21,5,4,5,average,Weight Loss Workout,Balanced Diet,None,Meditation,Maintain Routine
U0259,40,Female,66,155,27.5,maintain,7.7,3,22,6,8,9084,55,strength,440,116,2905,68,0,2.3,5,9,4,9,7,medium,26,2,1,3,average,Weight Loss Workout,Low Carb,Reduce Screen Time,Meditation,Skin Care
U0260,49,Female,74,175,24.2,maintain,8.0,1,0,8,7,6918,6,mixed,388,80,1757,47,6,2.3,3,4,3,4,5,low,21,2,5,5,good,Moderate Workout,High Protein,None,Relaxation,Maintain Routine
U0261,27,Male,51,160,19.9,muscle_gain,6.8,1,1,9,9,7353,36,strength,374,117,2802,83,0,1.3,3,5,9,9,5,low,15,5,2,5,average,Moderate Workout,Low Carb,Reduce Screen Time,None,Hydration
U0262,30,Male,52,178,16.4,muscle_gain,6.6,2,22,5,2,2131,27,strength,176,96,2481,105,1,1.0,4,10,10,9,7,high,7,4,1,4,good,Strength Training,Balanced Diet,Reduce Screen Time,Meditation,Hydration
U0263,22,Male,62,159,24.5,weight_loss,4.7,2,22,6,7,6159,27,mixed,454,74,3275,129,4,2.1,5,10,5,8,8,low,15,5,5,0,poor,Moderate Workout,Low Carb,Improve Sleep,Meditation,Maintain Routine
U0264,24,Female,72,162,27.4,maintain,5.0,5,0,8,5,9075,25,cardio,355,107,1852,121,0,2.6,3,4,6,5,11,high,4,2,2,4,poor,Weight Loss Workout,Balanced Diet,Improve Sleep,None,Skin Care
U0265,27,Male,60,163,22.6,muscle_gain,6.1,5,21,4,8,2223,36,mixed,406,69,3206,44,5,1.9,2,3,6,4,5,medium,3,2,4,0,poor,Light Cardio,Low Carb,None,None,Hydration
U0266,29,Female,86,185,25.1,maintain,7.2,5,22,5,3,6629,56,none,325,100,3497,33,4,2.8,2,2,10,9,7,low,1,2,1,1,good,Weight Loss Workout,Low Carb,Reduce Screen Time,None,Skin Care
U0267,33,Male,73,176,23.6,maintain,6.9,2,21,3,6,10110,21,mixed,158,68,2335,100,6,1.0,5,8,7,7,10,high,14,3,3,1,poor,Moderate Workout,Balanced Diet,None,Meditation,Hydration
U0268,41,Male,65,175,21.2,weight_loss,8.0,3,0,8,4,1706,21,cardio,441,109,2516,143,6,2.3,5,7,5,9,7,high,11,2,5,3,poor,Light Cardio,Balanced Diet,Reduce Screen Time,None,Maintain Routine
U0269,40,Female,86,165,31.6,weight_loss,5.5,2,1,6,3,9605,44,strength,305,95,2367,113,3,3.9,5,7,9,5,8,high,1,2,5,1,average,Weight Loss Workout,Balanced Diet,Improve Sleep,None,Maintain Routine
U0270,26,Male,54,188,15.3,muscle_gain,6.3,3,0,8,3,8572,7,cardio,191,108,3266,107,4,3.3,2,9,1,6,5,low,29,4,5,5,poor,Strength Training,Low Carb,None,Meditation,Maintain Routine
U0271,48,Male,99,185,28.9,weight_loss,4.6,1,1,8,1,4875,57,mixed,365,90,1761,86,0,3.4,4,5,8,7,10,medium,21,1,4,4,good,Weight Loss Workout,Balanced Diet,Improve Sleep,None,Maintain Routine
U0272,35,Male,78,155,32.5,maintain,6.0,1,1,8,10,5372,34,cardio,139,62,2676,138,5,1.2,5,4,2,6,11,high,15,3,5,4,good,Weight Loss Workout,Balanced Diet,None,Relaxation,Hydration
U0273,40,Male,51,166,18.5,maintain,8.7,2,22,5,4,3376,16,none,357,95,2542,46,4,4.0,2,6,7,2,10,low,3,1,5,5,good,Light Cardio,High Protein,None,None,Maintain Routine
U0274,26,Female,63,173,21.0,weight_loss,6.6,1,23,7,2,9720,29,mixed,302,94,2802,110,0,2.0,5,9,8,5,8,high,21,3,3,4,good,Moderate Workout,Low Carb,None,Meditation,Maintain Routine
U0275,38,Male,59,150,26.2,maintain,4.7,4,22,6,2,1678,48,cardio,181,103,3107,83,6,3.2,4,4,2,5,9,high,8,3,1,5,poor,Weight Loss Workout,Low Carb,Improve Sleep,Relaxation,Skin Care
U0276,36,Male,54,167,19.4,muscle_gain,5.7,4,0,8,9,4483,11,strength,334,73,2673,60,6,1.4,2,6,7,5,10,low,0,1,4,1,good,Moderate Workout,Balanced Diet,Improve Sleep,None,Hydration
U0277,29,Female,61,187,17.4,maintain,6.1,2,0,6,1,6315,6,strength,396,90,2775,148,6,3.0,3,2,6,6,5,high,29,2,4,5,average,Strength Training,Balanced Diet,None,None,Maintain Routine
U0278,35,Male,52,181,15.9,maintain,4.7,2,23,6,1,10484,55,strength,103,69,2754,117,0,1.8,4,5,10,2,6,low,18,5,4,2,poor,Strength Training,Balanced Diet,Improve Sleep,None,Hydration
U0279,20,Female,89,186,25.7,stress_relief,5.6,4,21,5,4,10005,13,cardio,254,65,3308,65,0,1.2,2,2,9,6,7,medium,19,4,3,2,average,Weight Loss Workout,Low Carb,Improve Sleep,None,Hydration
U0280,39,Male,84,152,36.4,stress_relief,6.2,5,0,7,7,2036,40,cardio,280,104,2791,42,1,1.5,5,6,3,4,11,low,25,3,5,1,average,Weight Loss Workout,High Protein,None,Relaxation,Hydration
U0281,37,Female,57,152,24.7,maintain,5.2,5,22,4,9,11686,31,mixed,325,109,1963,54,3,1.4,2,6,7,4,9,medium,5,2,4,0,poor,Moderate Workout,Balanced Diet,Improve Sleep,None,Hydration
U0282,45,Male,57,178,18.0,weight_loss,7.8,1,22,5,5,3833,37,strength,472,96,3001,144,6,1.9,4,10,2,8,4,medium,5,3,2,3,average,Light Cardio,Low Carb,Reduce Screen Time,Meditation,Hydration
U0283,47,Male,54,165,19.8,maintain,6.2,5,0,8,10,7636,26,strength,227,66,2949,76,4,1.4,2,7,2,6,10,medium,15,3,1,4,average,Moderate Workout,Low Carb,None,Relaxation,Hydration
U0284,46,Female,53,188,15.0,muscle_gain,5.3,5,0,7,1,2893,57,none,120,98,2234,131,5,1.1,5,2,1,8,6,high,27,1,1,2,average,Strength Training,Balanced Diet,Improve Sleep,Relaxation,Hydration
U0285,37,Male,67,151,29.4,muscle_gain,7.5,2,1,6,2,2211,37,cardio,109,109,2599,65,5,3.8,4,6,1,4,5,low,13,2,5,4,good,Weight Loss Workout,Balanced Diet,None,Relaxation,Maintain Routine
U0286,43,Female,57,175,18.6,weight_loss,4.6,3,21,5,5,9450,51,none,450,72,2387,109,6,2.5,3,6,6,3,5,medium,26,1,3,0,good,Moderate Workout,Balanced Diet,Improve Sleep,None,Maintain Routine
U0287,24,Female,70,187,20.0,stress_relief,8.6,5,0,8,10,11270,49,cardio,192,107,3300,44,5,3.3,2,6,4,5,8,medium,4,1,5,5,average,Moderate Workout,Low Carb,None,None,Maintain Routine
U0288,48,Female,58,182,17.5,weight_loss,7.0,5,22,3,3,2840,42,mixed,319,67,2226,122,4,3.7,3,4,9,4,5,medium,1,1,1,4,poor,Strength Training,Balanced Diet,None,None,Skin Care
U0289,18,Male,91,159,36.0,stress_relief,5.7,5,23,5,10,1564,1,strength,181,82,2525,105,5,3.2,4,8,4,2,4,low,26,1,5,3,good,Weight Loss Workout,Balanced Diet,Improve Sleep,Meditation,Maintain Routine
U0290,47,Male,95,152,41.1,maintain,4.9,4,1,7,1,11775,9,none,123,87,3007,109,2,2.9,3,9,2,4,4,high,25,3,4,2,good,Weight Loss Workout,Low Carb,Improve Sleep,Meditation,Maintain Routine
U0291,20,Male,60,159,23.7,muscle_gain,8.9,1,22,4,7,4787,6,cardio,125,92,3392,77,6,1.6,4,7,4,5,5,low,3,4,5,0,poor,Moderate Workout,Low Carb,None,None,Hydration
U0292,33,Female,74,185,21.6,stress_relief,6.1,1,1,9,3,4799,42,cardio,471,96,1680,129,3,1.3,5,5,2,3,11,low,17,2,5,3,poor,Moderate Workout,Balanced Diet,None,Relaxation,Hydration
U0293,32,Male,75,178,23.7,weight_loss,6.2,4,23,4,1,1100,1,mixed,275,105,2409,88,0,4.0,4,10,3,5,5,high,8,3,3,4,average,Light Cardio,Balanced Diet,None,Meditation,Maintain Routine
U0294,33,Female,78,161,30.1,maintain,5.1,4,23,4,1,9697,41,mixed,173,102,3372,98,4,1.7,2,1,4,5,5,low,29,1,5,4,average,Weight Loss Workout,Low Carb,Improve Sleep,None,Hydration
U0295,31,Male,55,164,20.4,stress_relief,8.0,5,0,6,2,6560,48,mixed,330,75,1574,43,2,2.2,3,10,6,6,5,medium,25,4,2,0,good,Moderate Workout,High Protein,None,Meditation,Skin Care
U0296,23,Male,63,153,26.9,weight_loss,8.8,5,0,6,5,10118,44,cardio,333,91,2812,96,5,1.6,2,3,10,2,8,medium,8,2,2,5,poor,Weight Loss Workout,Low Carb,None,None,Hydration
U0297,31,Female,62,174,20.5,maintain,8.9,1,22,3,6,1808,43,mixed,130,103,1546,31,1,1.9,2,10,10,5,5,high,24,2,5,5,poor,Light Cardio,High Protein,None,Meditation,Hydration
U0298,48,Female,62,152,26.8,maintain,6.4,5,23,7,10,11955,48,mixed,110,98,2877,119,1,1.4,5,4,6,6,6,medium,17,3,5,3,average,Weight Loss Workout,Low Carb,None,None,Hydration
U0299,25,Female,69,158,27.6,stress_relief,8.3,5,23,6,8,11450,22,none,139,91,1525,56,5,2.6,3,10,7,5,4,low,18,5,3,0,poor,Weight Loss Workout,Balanced Diet,None,Meditation,Maintain Routine
U0300,33,Male,75,156,30.8,stress_relief,5.1,5,22,6,5,8856,25,cardio,121,74,1768,57,0,2.6,2,2,2,6,9,medium,15,5,1,1,good,Weight Loss Workout,Balanced Diet,Improve Sleep,Relaxation,Skin Care
U0301,34,Female,98,151,43.0,muscle_gain,8.0,2,22,5,9,2095,27,strength,372,114,1945,58,1,3.7,3,6,6,3,10,high,13,3,2,0,good,Weight Loss Workout,Balanced Diet,None,None,Skin Care
U0302,38,Male,58,159,22.9,maintain,6.3,1,1,7,3,2209,33,none,329,62,2522,135,2,3.0,5,1,3,4,5,high,8,4,4,4,poor,Light Cardio,Balanced Diet,None,Relaxation,Maintain Routine
U0303,28,Male,53,179,16.5,weight_loss,8.9,4,1,7,9,6249,36,cardio,307,107,2547,128,5,3.2,4,10,3,9,9,high,27,2,1,2,average,Strength Training,Balanced Diet,Reduce Screen Time,Meditation,Skin Care
U0304,34,Female,51,181,15.6,stress_relief,4.0,3,22,3,3,5601,13,mixed,380,107,2332,82,2,2.9,3,9,6,8,8,low,0,5,3,1,poor,Strength Training,Balanced Diet,Improve Sleep,Meditation,Maintain Routine
U0305,23,Male,77,185,22.5,weight_loss,7.4,3,22,6,3,1075,38,mixed,347,105,2225,116,5,1.4,2,5,3,4,4,medium,23,1,5,2,poor,Light Cardio,Balanced Diet,None,Relaxation,Hydration
U0306,28,Male,89,151,39.0,weight_loss,4.1,2,1,6,10,10604,51,cardio,440,88,2543,90,5,3.0,2,2,9,9,5,medium,8,1,3,0,good,Weight Loss Workout,Balanced Diet,Improve Sleep,None,Maintain Routine
U0307,36,Male,68,162,25.9,stress_relief,7.0,1,23,6,5,3017,21,none,304,116,2186,83,2,2.9,5,5,8,9,9,low,7,2,4,3,average,Weight Loss Workout,Balanced Diet,Reduce Screen Time,None,Maintain Routine
U0308,37,Female,94,162,35.8,muscle_gain,8.3,4,21,5,2,7614,49,cardio,287,118,2491,143,6,1.7,4,5,6,9,4,medium,23,2,1,1,poor,Weight Loss Workout,Balanced Diet,Reduce Screen Time,None,Hydration
U0309,21,Female,65,154,27.4,maintain,4.8,2,1,8,5,9624,32,cardio,376,76,2802,86,2,3.9,3,4,3,6,10,low,17,1,2,0,good,Weight Loss Workout,Low Carb,Improve Sleep,Relaxation,Skin Care
U0310,49,Male,68,166,24.7,maintain,8.5,5,22,6,9,8875,9,strength,443,80,3046,120,1,1.5,3,1,7,9,6,medium,15,4,3,0,good,Moderate Workout,Low Carb,Reduce Screen Time,None,Hydration
U0311,35,Male,97,185,28.3,weight_loss,4.9,3,0,5,2,2672,27,cardio,416,97,1758,113,5,1.9,4,1,5,7,8,medium,14,5,2,0,average,Weight Loss Workout,Balanced Diet,Improve Sleep,None,Hydration
U0312,43,Female,95,156,39.0,maintain,7.6,3,1,7,1,4513,47,mixed,208,113,3382,54,2,3.8,3,2,5,3,4,high,7,4,2,5,poor,Weight Loss Workout,Low Carb,None,None,Skin Care
U0313,47,Male,84,177,26.8,maintain,9.0,1,0,6,7,7546,11,none,200,96,1962,58,1,1.6,5,2,4,8,7,medium,17,3,2,2,poor,Weight Loss Workout,Balanced Diet,Reduce Screen Time,None,Hydration
U0314,45,Female,57,151,25.0,weight_loss,4.6,2,22,4,6,2737,34,cardio,494,103,2983,96,4,3.2,5,7,9,6,5,high,14,3,5,3,average,Light Cardio,Low Carb,Improve Sleep,None,Maintain Routine
U0315,40,Male,53,154,22.3,stress_relief,6.4,1,21,4,3,8111,50,cardio,436,102,2618,127,5,2.6,4,4,2,3,10,high,28,1,4,5,average,Moderate Workout,Balanced Diet,None,Relaxation,Maintain Routine
U0316,34,Female,73,155,30.4,muscle_gain,5.3,5,22,6,6,9949,23,cardio,373,103,2343,86,2,1.2,5,7,7,6,5,high,21,2,3,3,good,Weight Loss Workout,Balanced Diet,Improve Sleep,None,Hydration
U0317,27,Female,63,167,22.6,muscle_gain,7.9,2,1,6,8,9067,26,mixed,360,92,2828,127,5,2.6,4,10,9,6,5,high,7,4,4,5,good,Moderate Workout,Low Carb,None,Meditation,Maintain Routine
U0318,35,Female,91,153,38.9,muscle_gain,5.8,1,0,5,3,11606,41,strength,182,107,1879,40,2,2.2,4,7,2,3,6,medium,8,3,2,0,good,Weight Loss Workout,High Protein,Improve Sleep,Relaxation,Skin Care
U0319,27,Male,93,163,35.0,weight_loss,6.3,3,22,5,4,8314,27,cardio,222,106,3241,62,1,2.4,3,3,5,2,5,high,15,2,4,5,average,Weight Loss Workout,Low Carb,None,None,Maintain Routine
U0320,28,Male,93,189,26.0,weight_loss,8.7,2,21,4,2,1224,9,strength,335,114,2211,130,5,2.1,4,6,8,6,6,high,0,3,4,0,average,Weight Loss Workout,Balanced Diet,None,None,Maintain Routine
U0321,25,Female,66,154,27.8,muscle_gain,6.7,2,22,3,8,11326,34,strength,298,74,1936,83,3,3.1,4,7,8,3,9,medium,10,3,3,0,average,Weight Loss Workout,Balanced Diet,None,None,Maintain Routine
U0322,23,Female,76,186,22.0,stress_relief,5.8,4,21,2,4,10589,15,cardio,108,92,1943,142,4,2.7,3,5,5,3,9,high,24,5,1,3,good,Moderate Workout,Balanced Diet,Improve Sleep,None,Skin Care
U0323,32,Female,59,157,23.9,weight_loss,8.8,3,23,7,10,10112,48,cardio,316,70,2969,147,3,2.5,3,7,8,9,4,medium,3,5,4,2,good,Moderate Workout,Low Carb,Reduce Screen Time,None,Maintain Routine
U0324,37,Male,92,187,26.3,maintain,6.1,5,23,7,1,4641,28,mixed,202,71,2530,84,6,3.8,5,10,8,2,4,medium,12,5,4,0,good,Weight Loss Workout,Balanced Diet,None,Meditation,Maintain Routine
U0325,19,Male,78,180,24.1,muscle_gain,6.9,3,21,5,10,2736,22,mixed,323,107,2793,120,0,1.1,2,5,10,4,9,low,12,4,3,0,poor,Light Cardio,Balanced Diet,None,None,Hydration
U0326,20,Male,56,188,15.8,muscle_gain,6.5,5,1,8,2,9789,7,cardio,151,86,2812,139,0,4.0,5,8,7,5,5,low,16,3,5,1,good,Strength Training,Low Carb,None,Meditation,Maintain Routine
U0327,33,Male,87,157,35.3,muscle_gain,6.6,1,0,6,7,6008,14,cardio,275,71,3131,118,6,3.3,5,6,10,5,6,high,1,1,5,1,good,Weight Loss Workout,Low Carb,None,None,Maintain Routine
U0328,49,Female,71,175,23.2,maintain,8.7,1,0,5,6,11131,4,none,236,117,3222,122,5,1.8,5,8,4,4,9,high,4,2,2,2,average,Moderate Workout,Low Carb,None,Meditation,Hydration
U0329,25,Male,93,180,28.7,muscle_gain,4.2,2,21,3,7,7967,6,strength,288,62,2518,67,3,2.0,5,1,10,4,7,medium,12,4,3,2,average,Weight Loss Workout,Balanced Diet,Improve Sleep,None,Maintain Routine
U0330,44,Male,72,185,21.0,stress_relief,8.1,3,21,3,2,1356,16,mixed,459,113,1703,114,2,2.9,2,3,3,8,9,medium,19,3,1,0,good,Light Cardio,Balanced Diet,Reduce Screen Time,Relaxation,Skin Care
U0331,27,Male,98,150,43.6,stress_relief,6.2,4,21,4,10,11844,29,none,324,66,2389,53,2,1.1,4,4,4,5,4,low,22,3,2,4,poor,Weight Loss Workout,Balanced Diet,None,None,Hydration
U0332,41,Female,61,182,18.4,muscle_gain,8.0,5,1,8,2,10574,14,cardio,174,93,3394,97,2,2.4,2,7,5,2,8,high,6,5,5,1,good,Moderate Workout,Low Carb,None,None,Maintain Routine
U0333,47,Male,55,173,18.4,weight_loss,5.1,1,23,5,7,4777,18,mixed,285,65,3148,86,4,2.0,3,7,9,2,4,high,0,3,2,1,poor,Moderate Workout,Low Carb,Improve Sleep,None,Skin Care
U0334,18,Male,86,162,32.8,stress_relief,5.5,3,22,3,1,1604,35,cardio,408,76,2097,54,1,2.7,2,4,4,7,7,low,12,5,1,1,poor,Weight Loss Workout,Balanced Diet,Improve Sleep,None,Skin Care
U0335,24,Female,63,182,19.0,stress_relief,8.4,5,0,5,8,6463,2,cardio,374,92,2589,108,5,1.3,3,6,1,4,8,low,4,2,5,2,good,Moderate Workout,Balanced Diet,None,Relaxation,Hydration
U0336,49,Female,52,173,17.4,maintain,7.1,1,23,7,1,3855,48,cardio,156,82,3375,93,2,2.6,3,10,10,4,7,medium,3,4,3,2,average,Strength Training,Low Carb,None,Meditation,Maintain Routine
U0337,42,Male,55,186,15.9,weight_loss,4.5,1,21,2,10,3098,23,mixed,457,65,2769,128,1,3.3,3,4,10,5,9,high,11,2,2,2,poor,Strength Training,Balanced Diet,Improve Sleep,None,Skin Care
U0338,18,Male,90,167,32.3,muscle_gain,4.3,1,1,6,10,7843,1,strength,370,62,2310,60,5,3.7,4,4,10,7,10,low,17,2,2,1,good,Weight Loss Workout,Balanced Diet,Improve Sleep,None,Skin Care
U0339,41,Female,69,189,19.3,muscle_gain,6.6,2,1,8,1,5864,18,strength,312,79,3096,116,4,3.3,4,6,4,3,4,medium,29,1,4,4,poor,Moderate Workout,Low Carb,None,None,Maintain Routine
U0340,41,Female,62,180,19.1,stress_relief,7.2,2,22,6,6,10965,0,cardio,174,110,2686,72,4,3.1,3,6,7,3,7,low,10,3,4,1,poor,Moderate Workout,Balanced Diet,None,None,Maintain Routine
U0341,27,Female,96,161,37.0,muscle_gain,8.0,2,22,5,1,1055,57,strength,229,76,2169,149,6,1.0,4,9,6,3,9,low,0,1,4,4,poor,Weight Loss Workout,Balanced Diet,None,Meditation,Hydration
U0342,21,Female,94,189,26.3,stress_relief,6.5,2,0,6,7,9837,18,mixed,225,106,2530,109,4,2.8,4,5,7,4,9,low,28,1,2,5,average,Weight Loss Workout,Balanced Diet,None,None,Skin Care
U0343,25,Male,51,182,15.4,muscle_gain,6.4,4,22,5,9,11441,23,mixed,231,96,2143,106,0,1.5,2,8,2,9,4,medium,18,1,4,2,good,Strength Training,Balanced Diet,Reduce Screen Time,Meditation,Hydration
U0344,24,Male,50,159,19.8,muscle_gain,7.4,4,23,4,5,10721,21,mixed,140,82,2594,85,6,3.9,4,9,6,8,5,high,8,4,5,0,good,Moderate Workout,Balanced Diet,Reduce Screen Time,Meditation,Maintain Routine
U0345,36,Female,86,155,35.8,maintain,8.9,5,22,4,4,6539,52,none,107,85,3071,77,4,3.6,3,6,3,9,9,medium,4,5,2,1,average,Weight Loss Workout,Low Carb,Reduce Screen Time,Relaxation,Skin Care
U0346,24,Female,88,150,39.1,weight_loss,6.5,4,0,5,4,11344,33,mixed,209,107,2044,127,6,3.5,3,4,1,6,4,low,15,1,4,4,poor,Weight Loss Workout,Balanced Diet,None,Relaxation,Maintain Routine
U0347,34,Male,62,183,18.5,muscle_gain,4.6,2,23,4,1,10108,12,none,296,65,3065,124,0,3.0,5,9,2,6,4,medium,25,1,3,0,average,Moderate Workout,Low Carb,Improve Sleep,Meditation,Maintain Routine
U0348,40,Female,83,159,32.8,maintain,7.9,2,22,4,2,10759,41,mixed,303,60,3280,101,1,1.3,2,8,10,7,8,medium,18,3,3,4,poor,Weight Loss Workout,Low Carb,None,Meditation,Hydration
U0349,37,Female,67,170,23.2,weight_loss,7.6,2,22,4,9,10069,50,none,141,114,2591,90,4,2.2,5,10,7,2,6,low,18,1,5,2,average,Moderate Workout,Balanced Diet,None,Meditation,Maintain Routine
U0350,42,Female,56,160,21.9,muscle_gain,5.1,1,23,6,10,8593,40,mixed,122,106,2024,118,1,1.9,2,3,9,6,10,low,21,2,3,0,average,Moderate Workout,Balanced Diet,Improve Sleep,None,Hydration
U0351,23,Female,77,189,21.6,weight_loss,7.8,1,22,5,4,11082,9,none,430,73,3073,41,4,3.5,4,2,9,4,8,medium,19,2,1,5,poor,Moderate Workout,Low Carb,None,None,Skin Care
U0352,43,Female,79,167,28.3,weight_loss,5.1,3,0,8,3,9130,43,none,441,76,1727,46,5,3.6,3,5,5,9,6,high,20,3,4,3,poor,Weight Loss Workout,High Protein,Improve Sleep,None,Maintain Routine
U0353,29,Female,96,187,27.5,muscle_gain,8.7,3,1,9,4,7651,3,none,304,68,3039,105,0,3.1,5,10,6,3,8,high,27,2,3,2,good,Weight Loss Workout,Low Carb,None,Meditation,Maintain Routine
U0354,30,Male,51,177,16.3,muscle_gain,7.8,5,22,3,1,9333,47,mixed,242,91,2044,46,5,1.4,3,2,1,9,6,high,28,4,4,5,poor,Strength Training,High Protein,Reduce Screen Time,Relaxation,Hydration
U0355,38,Male,79,182,23.8,maintain,8.7,2,0,6,7,10933,29,cardio,400,74,2722,44,3,1.2,5,6,8,2,9,high,28,1,4,5,good,Moderate Workout,High Protein,None,None,Hydration
U0356,36,Female,69,171,23.6,weight_loss,8.7,1,22,3,7,2156,54,cardio,444,67,1771,147,4,3.8,4,1,6,4,9,medium,13,4,2,0,average,Light Cardio,Balanced Diet,None,None,Skin Care
U0357,20,Female,96,188,27.2,weight_loss,4.2,3,23,4,5,3130,56,mixed,448,74,3006,140,4,1.3,3,4,5,4,4,medium,8,2,2,2,good,Weight Loss Workout,Low Carb,Improve Sleep,None,Hydration
U0358,33,Male,77,162,29.3,maintain,5.8,4,21,3,4,8872,17,none,150,68,2152,69,6,2.5,4,4,1,9,7,high,8,2,4,3,average,Weight Loss Workout,Balanced Diet,Improve Sleep,Relaxation,Maintain Routine
U0359,26,Male,61,160,23.8,muscle_gain,5.3,4,1,8,4,9459,20,cardio,110,68,1625,79,5,1.2,4,4,1,7,4,low,24,3,5,4,good,Moderate Workout,Balanced Diet,Improve Sleep,Relaxation,Hydration
U0360,20,Male,58,172,19.6,muscle_gain,6.3,1,22,4,1,2721,24,mixed,306,85,2442,73,5,2.9,4,7,3,9,5,medium,26,2,3,0,poor,Light Cardio,Balanced Diet,Reduce Screen Time,Relaxation,Maintain Routine
U0361,21,Female,50,178,15.8,stress_relief,6.9,1,21,3,1,10407,31,mixed,306,72,2519,95,3,1.1,2,8,6,8,5,low,26,4,1,3,good,Strength Training,Balanced Diet,Reduce Screen Time,Meditation,Hydration
U0362,34,Male,86,159,34.0,muscle_gain,8.2,1,0,5,7,11057,53,mixed,434,90,2658,87,0,1.7,5,7,5,8,6,medium,10,5,4,4,poor,Weight Loss Workout,Balanced Diet,Reduce Screen Time,None,Hydration
U0363,26,Male,72,177,23.0,maintain,7.9,4,23,5,10,2245,32,mixed,377,108,2068,91,1,3.8,4,2,10,9,9,medium,6,2,3,0,good,Light Cardio,Balanced Diet,Reduce Screen Time,None,Maintain Routine
U0364,26,Male,58,156,23.8,weight_loss,7.9,3,21,2,4,4873,31,cardio,262,74,3411,125,5,2.5,2,1,4,4,4,high,20,2,3,2,average,Moderate Workout,Low Carb,None,None,Maintain Routine
U0365,32,Female,86,158,34.4,stress_relief,7.6,2,22,6,7,5018,8,mixed,222,112,3219,88,5,3.3,3,8,3,4,8,high,25,3,2,4,average,Weight Loss Workout,Low Carb,None,Meditation,Skin Care
U0366,41,Female,91,185,26.6,weight_loss,5.2,4,1,6,4,3377,24,none,422,106,2269,118,0,1.8,5,3,9,3,9,low,28,3,4,0,good,Weight Loss Workout,Balanced Diet,Improve Sleep,None,Hydration
U0367,36,Male,87,157,35.3,muscle_gain,7.7,2,22,4,1,4240,18,strength,360,114,3258,100,2,2.1,3,7,8,3,4,high,15,5,1,3,poor,Weight Loss Workout,Low Carb,None,None,Skin Care
U0368,28,Male,56,166,20.3,maintain,6.7,5,23,7,10,4413,27,mixed,320,68,3269,33,0,3.8,3,1,7,5,5,low,26,4,4,0,poor,Moderate Workout,Low Carb,None,None,Maintain Routine
U0369,39,Male,74,163,27.9,maintain,8.8,4,22,6,5,11973,26,none,306,85,2588,149,3,3.6,2,2,6,4,5,high,29,1,4,1,good,Weight Loss Workout,Balanced Diet,None,None,Maintain Routine
U0370,30,Male,60,160,23.4,muscle_gain,8.1,5,1,8,2,7131,13,mixed,477,64,1941,65,1,1.4,3,10,2,2,9,low,27,5,1,0,poor,Moderate Workout,Balanced Diet,None,Meditation,Hydration
U0371,18,Female,75,174,24.8,weight_loss,4.7,1,1,8,9,8600,47,mixed,155,60,1767,98,5,1.3,2,1,10,3,6,low,18,4,3,4,average,Moderate Workout,Balanced Diet,Improve Sleep,None,Hydration
U0372,19,Male,95,166,34.5,stress_relief,5.9,1,0,8,4,5529,2,none,156,109,2463,110,1,1.5,3,1,7,5,9,low,21,2,1,0,average,Weight Loss Workout,Balanced Diet,Improve Sleep,None,Hydration
U0373,29,Male,77,174,25.4,weight_loss,5.0,3,23,5,10,3108,57,none,318,71,2313,60,0,1.6,4,5,5,3,11,high,3,3,4,0,poor,Weight Loss Workout,Balanced Diet,Improve Sleep,None,Hydration
U0374,28,Female,85,169,29.8,muscle_gain,7.5,1,1,8,3,11088,37,strength,216,102,2379,144,2,2.0,2,3,4,9,11,low,25,1,4,2,average,Weight Loss Workout,Balanced Diet,Reduce Screen Time,None,Maintain Routine
U0375,34,Male,71,175,23.2,maintain,8.4,4,21,5,4,10636,1,cardio,267,97,3120,90,0,2.7,2,2,10,5,11,high,29,2,5,0,good,Moderate Workout,Low Carb,None,None,Maintain Routine
U0376,24,Female,79,152,34.2,stress_relief,5.3,1,23,4,6,5711,21,strength,160,82,2269,79,1,2.0,2,1,7,9,10,low,15,4,5,2,poor,Weight Loss Workout,Balanced Diet,Improve Sleep,None,Maintain Routine
U0377,34,Male,55,175,18.0,maintain,5.2,2,21,4,7,1565,53,strength,334,95,2582,65,2,3.9,4,9,1,8,5,high,12,4,1,4,poor,Light Cardio,Balanced Diet,Improve Sleep,Meditation,Skin Care
U0378,38,Female,92,167,33.0,stress_relief,5.5,1,0,8,10,5927,39,none,424,63,3029,57,4,1.4,2,4,1,5,6,medium,14,2,2,0,poor,Weight Loss Workout,Low Carb,Improve Sleep,Relaxation,Hydration
U0379,49,Male,93,180,28.7,weight_loss,8.5,5,23,4,9,5284,28,strength,445,63,1740,43,1,2.9,3,3,7,6,4,high,3,5,5,2,poor,Weight Loss Workout,High Protein,None,None,Maintain Routine
U0380,38,Female,87,184,25.7,stress_relief,6.5,5,0,7,1,10971,53,none,273,108,2289,107,0,3.7,3,1,6,2,7,high,18,1,1,4,good,Weight Loss Workout,Balanced Diet,None,None,Skin Care
U0381,23,Male,80,165,29.4,weight_loss,6.9,1,1,9,10,9663,9,cardio,176,62,3222,143,3,1.4,5,3,7,6,11,low,0,2,1,4,poor,Weight Loss Workout,Low Carb,None,None,Hydration
U0382,46,Female,73,156,30.0,maintain,6.0,5,0,6,8,7452,6,cardio,212,87,3160,101,6,2.6,3,5,1,2,8,medium,1,2,2,0,poor,Weight Loss Workout,Low Carb,None,Relaxation,Skin Care
U0383,39,Female,82,175,26.8,weight_loss,4.9,5,1,8,8,2406,25,none,181,90,3023,71,3,3.2,2,3,3,3,4,medium,18,2,5,2,average,Weight Loss Workout,Low Carb,Improve Sleep,Relaxation,Maintain Routine
U0384,18,Female,58,173,19.4,weight_loss,6.1,5,23,4,6,5512,31,mixed,184,98,1883,113,1,3.5,2,9,1,3,6,medium,19,2,1,1,good,Moderate Workout,Balanced Diet,None,Meditation,Skin Care
U0385,23,Male,87,174,28.7,stress_relief,8.1,3,23,5,10,5535,35,mixed,363,76,2234,66,4,3.0,4,4,6,9,5,medium,2,5,1,4,poor,Weight Loss Workout,Balanced Diet,Reduce Screen Time,None,Skin Care
U0386,41,Female,87,181,26.6,stress_relief,4.2,3,0,8,8,1544,9,mixed,291,63,1974,121,4,2.5,4,4,1,9,6,low,21,1,1,0,poor,Weight Loss Workout,Balanced Diet,Improve Sleep,Relaxation,Skin Care
U0387,34,Female,65,157,26.4,muscle_gain,8.1,1,21,5,6,9118,4,none,179,77,2188,111,0,4.0,2,8,3,3,4,medium,4,3,2,1,good,Weight Loss Workout,Balanced Diet,None,Meditation,Skin Care
U0388,48,Male,88,167,31.6,stress_relief,7.9,1,23,4,9,4231,37,strength,499,111,2040,45,3,3.2,5,9,8,9,8,low,2,3,1,0,average,Weight Loss Workout,High Protein,Reduce Screen Time,Meditation,Skin Care
U0389,35,Female,90,158,36.1,muscle_gain,8.5,3,0,5,1,3273,45,none,296,73,2334,52,6,2.0,2,7,6,3,4,low,15,1,2,4,good,Weight Loss Workout,Balanced Diet,None,None,Skin Care
U0390,39,Female,72,166,26.1,muscle_gain,5.0,1,0,6,8,5218,21,none,432,67,2582,94,0,1.6,2,9,7,8,11,high,4,5,1,5,good,Weight Loss Workout,Balanced Diet,Improve Sleep,Meditation,Hydration
U0391,23,Male,65,168,23.0,weight_loss,7.5,5,1,6,8,1209,55,mixed,253,69,1914,126,4,1.9,2,7,8,4,6,high,3,3,3,4,average,Light Cardio,Balanced Diet,None,None,Hydration
U0392,24,Female,92,160,35.9,weight_loss,7.1,1,1,7,9,6266,2,mixed,398,74,3460,136,2,3.5,5,4,1,5,8,low,4,5,3,5,poor,Weight Loss Workout,Low Carb,None,Relaxation,Maintain Routine
U0393,37,Male,79,153,33.7,maintain,4.1,1,1,6,7,10531,45,strength,429,107,3386,66,6,1.7,3,2,3,3,7,high,0,5,2,5,poor,Weight Loss Workout,Low Carb,Improve Sleep,Relaxation,Hydration
U0394,28,Male,71,157,28.8,stress_relief,8.8,1,22,4,6,6876,20,strength,158,78,2039,101,5,1.5,5,5,8,3,10,high,17,1,2,0,good,Weight Loss Workout,Balanced Diet,None,None,Hydration
U0395,19,Female,85,150,37.8,weight_loss,6.2,4,21,4,6,10632,41,cardio,273,81,1844,90,1,3.7,5,8,7,4,7,low,24,1,2,5,poor,Weight Loss Workout,Balanced Diet,None,Meditation,Skin Care
U0396,36,Male,96,162,36.6,maintain,6.5,5,21,2,5,9953,34,none,301,78,2624,100,5,3.7,2,10,2,7,11,low,11,4,3,5,average,Weight Loss Workout,Balanced Diet,None,Meditation,Maintain Routine
U0397,30,Male,50,170,17.3,maintain,6.7,4,21,5,10,2538,26,mixed,326,87,1569,99,6,3.0,4,1,8,6,4,medium,12,4,5,4,poor,Strength Training,Balanced Diet,None,None,Maintain Routine
U0398,45,Female,67,179,20.9,stress_relief,8.2,2,21,4,1,9050,59,strength,324,84,3091,60,4,2.8,3,1,7,6,6,high,17,1,2,1,average,Moderate Workout,Low Carb,None,None,Skin Care
U0399,38,Male,61,179,19.0,maintain,4.9,4,21,5,9,7739,49,none,487,113,2689,146,6,3.0,4,5,6,7,11,low,29,1,3,1,good,Moderate Workout,Balanced Diet,Improve Sleep,None,Maintain Routine
U0400,20,Male,96,151,42.1,weight_loss,7.1,3,22,5,4,4037,41,cardio,490,74,2583,69,2,2.5,3,10,7,6,11,low,10,3,2,1,good,Weight Loss Workout,Balanced Diet,None,Meditation,Skin Care
U0401,41,Female,77,155,32.0,stress_relief,4.9,2,22,6,9,9326,49,mixed,163,102,3170,70,2,2.8,4,2,4,7,7,low,19,2,3,1,good,Weight Loss Workout,Low Carb,Improve Sleep,None,Maintain Routine
U0402,41,Female,80,184,23.6,weight_loss,8.1,3,22,5,5,5975,47,cardio,346,94,3407,74,5,2.4,4,6,9,5,10,low,19,3,2,0,poor,Moderate Workout,Low Carb,None,None,Skin Care
U0403,36,Male,62,172,21.0,maintain,4.2,3,1,9,9,11742,22,mixed,402,75,1734,85,5,3.2,4,1,7,2,4,low,28,2,5,2,good,Moderate Workout,Balanced Diet,Improve Sleep,None,Maintain Routine
U0404,37,Female,56,182,16.9,stress_relief,8.9,4,23,4,4,11880,49,none,344,106,3203,126,3,3.5,2,7,8,8,9,low,22,3,5,4,good,Strength Training,Low Carb,Reduce Screen Time,None,Maintain Routine
U0405,23,Male,73,165,26.8,maintain,6.8,1,21,2,1,1496,55,mixed,272,89,1671,139,1,3.8,2,2,4,4,10,medium,14,3,2,3,poor,Weight Loss Workout,Balanced Diet,None,None,Skin Care
U0406,47,Male,85,156,34.9,weight_loss,5.3,4,1,9,5,5150,28,strength,257,88,1909,112,1,1.7,3,3,5,7,6,high,25,3,5,0,good,Weight Loss Workout,Balanced Diet,Improve Sleep,None,Hydration
U0407,26,Male,64,162,24.4,muscle_gain,5.0,5,23,6,8,11783,19,mixed,493,72,2714,122,2,1.9,5,9,6,6,7,high,1,2,1,1,average,Moderate Workout,Balanced Diet,Improve Sleep,Meditation,Hydration
U0408,20,Female,72,153,30.8,weight_loss,7.5,1,22,4,1,5087,56,none,403,79,2504,31,6,1.1,2,4,1,6,7,high,11,2,2,3,good,Weight Loss Workout,High Protein,None,Relaxation,Hydration
U0409,27,Female,52,172,17.6,stress_relief,8.0,5,21,5,3,7305,36,mixed,160,67,2594,99,2,2.1,3,3,10,2,8,low,20,3,2,5,average,Strength Training,Balanced Diet,None,None,Skin Care
U0410,44,Female,66,156,27.1,weight_loss,5.3,2,22,5,3,7651,32,strength,328,106,2106,64,0,3.6,4,6,9,4,4,low,11,5,4,0,poor,Weight Loss Workout,Balanced Diet,Improve Sleep,None,Maintain Routine
U0411,23,Female,54,153,23.1,weight_loss,5.6,4,0,8,5,4044,55,cardio,165,118,3298,78,0,1.6,4,2,2,2,5,medium,28,1,2,1,poor,Moderate Workout,Low Carb,Improve Sleep,Relaxation,Hydration
U0412,27,Male,72,178,22.7,maintain,4.7,1,22,6,9,10679,35,mixed,406,92,3410,124,5,1.2,5,6,6,6,11,medium,28,2,3,4,poor,Moderate Workout,Low Carb,Improve Sleep,None,Hydration
U0413,37,Female,92,150,40.9,muscle_gain,8.9,1,23,7,7,7025,50,cardio,327,61,2357,146,1,2.5,5,6,10,2,9,medium,3,3,2,0,poor,Weight Loss Workout,Balanced Diet,None,None,Skin Care
U0414,33,Female,97,174,32.0,muscle_gain,8.9,5,23,6,9,5419,24,none,222,85,2388,90,3,1.7,2,2,6,6,9,low,19,5,3,3,good,Weight Loss Workout,Balanced Diet,None,None,Hydration
U0415,26,Male,76,171,26.0,muscle_gain,8.4,5,22,3,3,9457,5,strength,212,64,2901,99,6,1.9,4,9,3,3,8,high,15,3,4,2,average,Weight Loss Workout,Low Carb,None,Meditation,Hydration
U0416,19,Female,92,155,38.3,muscle_gain,7.9,5,23,5,9,6712,46,strength,202,113,2194,124,2,1.3,2,1,4,5,5,medium,7,3,4,0,average,Weight Loss Workout,Balanced Diet,None,None,Hydration
U0417,18,Female,92,182,27.8,weight_loss,4.3,1,23,6,5,10609,55,mixed,219,66,2028,90,1,2.0,4,6,1,3,8,medium,29,2,1,5,good,Weight Loss Workout,Balanced Diet,Improve Sleep,Relaxation,Skin Care
U0418,46,Female,65,173,21.7,maintain,7.4,3,23,4,2,2188,12,strength,328,85,2889,110,0,1.2,3,7,10,9,7,high,23,5,5,3,good,Light Cardio,Low Carb,Reduce Screen Time,None,Hydration
U0419,33,Female,97,175,31.7,maintain,5.6,4,1,7,10,11748,53,strength,362,104,2046,44,0,1.5,2,10,6,4,9,high,23,5,1,4,good,Weight Loss Workout,High Protein,Improve Sleep,Meditation,Hydration
U0420,49,Female,81,181,24.7,weight_loss,7.5,5,0,6,2,2250,16,strength,213,115,3315,95,4,2.4,4,5,3,6,8,low,2,3,4,3,average,Light Cardio,Low Carb,None,Relaxation,Maintain Routine
U0421,35,Female,82,185,24.0,stress_relief,8.3,1,21,5,5,7711,30,none,157,71,1675,60,3,2.0,3,7,4,6,11,low,6,4,2,5,poor,Moderate Workout,Balanced Diet,None,None,Skin Care
U0422,24,Male,78,159,30.9,weight_loss,7.2,2,23,7,1,3696,44,cardio,364,66,3179,48,6,3.4,4,10,10,6,7,high,20,2,4,1,good,Weight Loss Workout,Low Carb,None,Meditation,Maintain Routine
U0423,22,Male,84,161,32.4,weight_loss,7.2,2,22,3,7,9328,21,none,104,71,2780,73,5,1.5,4,3,3,8,5,high,17,2,5,1,average,Weight Loss Workout,Balanced Diet,Reduce Screen Time,Relaxation,Hydration
U0424,20,Female,52,172,17.6,maintain,4.4,2,0,7,4,4544,23,mixed,108,105,2432,123,4,3.5,5,8,5,5,11,high,14,5,5,4,average,Strength Training,Balanced Diet,Improve Sleep,Meditation,Maintain Routine
U0425,35,Male,57,153,24.3,stress_relief,6.4,2,1,6,10,11858,47,mixed,272,86,1963,148,1,3.9,4,6,8,8,5,low,13,3,4,0,average,Moderate Workout,Balanced Diet,Reduce Screen Time,None,Maintain Routine
U0426,49,Male,55,161,21.2,maintain,5.4,5,1,7,9,6880,23,cardio,499,111,2091,35,4,2.6,3,6,9,5,4,medium,6,3,1,4,poor,Moderate Workout,High Protein,Improve Sleep,None,Skin Care
U0427,47,Male,67,164,24.9,maintain,6.3,2,22,5,8,3274,38,mixed,342,77,3112,74,2,1.2,2,6,9,5,6,medium,6,5,3,2,poor,Light Cardio,Low Carb,None,None,Hydration
U0428,26,Female,87,185,25.4,stress_relief,6.2,5,1,7,10,3422,44,cardio,113,98,2168,145,5,1.0,2,2,7,5,9,high,0,4,3,3,poor,Weight Loss Workout,Balanced Diet,None,None,Hydration
U0429,20,Male,75,176,24.2,stress_relief,8.4,3,21,4,5,7099,13,mixed,195,85,3146,99,2,3.3,5,3,5,6,11,low,12,3,5,0,average,Moderate Workout,Low Carb,None,None,Maintain Routine
U0430,30,Male,76,185,22.2,stress_relief,6.1,3,1,6,9,10916,43,strength,324,105,2665,37,5,1.7,3,7,8,2,10,high,22,5,1,0,average,Moderate Workout,High Protein,None,None,Hydration
U0431,20,Female,65,182,19.6,stress_relief,7.7,5,21,3,7,4853,58,cardio,408,98,2906,56,6,1.9,3,7,1,5,5,low,7,3,5,5,average,Moderate Workout,Low Carb,None,Relaxation,Hydration
U0432,39,Male,96,188,27.2,weight_loss,4.0,5,0,5,8,6134,35,cardio,446,103,3392,100,4,1.1,3,4,4,6,11,low,7,5,5,5,poor,Weight Loss Workout,Low Carb,Improve Sleep,None,Hydration
U0433,18,Female,53,183,15.8,stress_relief,6.8,1,21,4,3,9014,30,strength,345,88,3158,88,5,1.0,2,6,8,6,4,low,18,2,3,1,poor,Strength Training,Low Carb,None,None,Hydration
U0434,22,Female,67,170,23.2,maintain,6.3,5,1,8,7,8636,36,strength,125,101,2531,102,2,3.3,4,5,8,2,10,high,20,3,1,2,good,Moderate Workout,Balanced Diet,None,None,Skin Care
U0435,22,Male,63,177,20.1,stress_relief,8.8,2,0,5,8,10107,4,strength,385,83,2246,133,6,2.0,5,4,7,5,8,high,28,5,3,5,good,Moderate Workout,Balanced Diet,None,None,Maintain Routine
U0436,38,Male,91,163,34.3,stress_relief,6.8,2,0,7,7,1092,40,cardio,151,68,1680,86,3,2.5,4,5,10,5,8,low,10,1,4,0,average,Weight Loss Workout,Balanced Diet,None,None,Maintain Routine
U0437,47,Female,95,151,41.7,maintain,9.0,3,1,7,5,4464,19,mixed,125,77,3118,32,0,1.3,4,1,1,8,10,high,1,1,1,4,poor,Weight Loss Workout,Low Carb,Reduce Screen Time,Relaxation,Hydration
U0438,32,Male,77,168,27.3,maintain,7.7,5,23,4,5,10408,8,cardio,473,60,1886,140,1,2.5,3,7,10,9,7,low,21,3,1,0,average,Weight Loss Workout,Balanced Diet,Reduce Screen Time,None,Skin Care
U0439,37,Male,50,172,16.9,muscle_gain,4.5,4,22,5,5,8420,0,mixed,206,87,2964,32,2,2.9,5,2,9,5,5,high,7,3,2,5,good,Strength Training,Low Carb,Improve Sleep,None,Skin Care
U0440,18,Female,92,184,27.2,stress_relief,8.0,2,23,6,10,9954,23,cardio,323,96,1631,42,0,2.6,3,8,5,9,10,low,27,2,4,4,poor,Weight Loss Workout,High Protein,Reduce Screen Time,Meditation,Maintain Routine
U0441,29,Male,83,163,31.2,muscle_gain,6.2,4,0,7,10,6775,9,cardio,293,94,2990,35,2,1.1,5,3,8,7,5,high,5,5,2,5,poor,Weight Loss Workout,Low Carb,None,None,Hydration
U0442,45,Female,96,159,38.0,stress_relief,6.7,3,22,5,1,6604,22,mixed,368,72,3078,40,6,2.2,3,3,4,7,9,high,4,2,1,3,average,Weight Loss Workout,Low Carb,None,None,Skin Care
U0443,25,Male,51,161,19.7,maintain,5.5,1,22,5,7,4819,7,mixed,431,94,2476,121,0,3.5,5,6,9,2,9,low,12,3,3,4,average,Moderate Workout,Balanced Diet,Improve Sleep,None,Maintain Routine
U0444,29,Female,97,183,29.0,weight_loss,7.7,3,21,5,5,4439,24,mixed,436,83,2416,31,6,3.2,3,3,9,2,7,medium,27,3,5,2,average,Weight Loss Workout,High Protein,None,None,Maintain Routine
U0445,49,Female,57,169,20.0,weight_loss,8.9,4,22,3,8,10228,20,none,390,82,1801,44,1,3.2,5,9,4,5,6,low,2,1,3,1,good,Moderate Workout,High Protein,None,Meditation,Maintain Routine
U0446,49,Female,63,166,22.9,stress_relief,8.8,2,23,7,6,9823,24,strength,403,98,2058,123,4,3.4,4,9,4,3,6,medium,20,1,5,4,good,Moderate Workout,Balanced Diet,None,Meditation,Maintain Routine
U0447,31,Male,96,166,34.8,weight_loss,8.2,3,0,8,7,3868,15,strength,360,68,2185,133,5,2.0,3,4,4,3,8,low,28,3,5,1,poor,Weight Loss Workout,Balanced Diet,None,None,Maintain Routine
U0448,48,Male,81,184,23.9,muscle_gain,8.5,1,22,6,4,7163,47,mixed,293,79,3146,111,0,1.5,2,3,8,7,7,high,17,4,5,0,average,Moderate Workout,Low Carb,None,None,Hydration
U0449,45,Female,65,156,26.7,maintain,8.2,4,21,2,4,4060,46,mixed,106,91,1739,96,6,1.3,3,6,8,9,10,medium,5,2,3,4,good,Weight Loss Workout,Balanced Diet,Reduce Screen Time,None,Hydration
U0450,23,Female,61,182,18.4,stress_relief,7.6,2,1,8,7,1372,39,strength,344,108,2692,145,4,3.6,3,9,2,9,7,medium,4,3,2,1,average,Light Cardio,Balanced Diet,Reduce Screen Time,Meditation,Skin Care
U0451,42,Female,59,170,20.4,weight_loss,6.6,5,21,2,8,7189,7,none,118,87,3465,134,5,2.5,3,10,8,7,9,medium,10,5,3,3,good,Moderate Workout,Low Carb,None,Meditation,Maintain Routine
U0452,46,Male,84,167,30.1,maintain,4.7,2,1,8,10,5666,10,none,338,101,1802,124,6,1.6,2,10,9,2,4,medium,14,4,2,5,average,Weight Loss Workout,Balanced Diet,Improve Sleep,Meditation,Hydration
U0453,29,Male,53,164,19.7,stress_relief,4.9,2,23,6,8,1543,43,none,471,68,2202,134,5,3.8,2,7,9,3,8,medium,26,4,4,1,poor,Light Cardio,Balanced Diet,Improve Sleep,None,Maintain Routine
U0454,33,Male,79,163,29.7,weight_loss,7.1,1,22,4,2,11038,39,mixed,369,65,2245,133,5,2.4,2,1,3,5,11,low,26,5,1,0,average,Weight Loss Workout,Balanced Diet,None,Relaxation,Skin Care
U0455,28,Male,63,172,21.3,muscle_gain,8.2,4,23,7,4,2126,33,strength,162,97,2395,79,5,3.4,5,8,8,2,5,high,3,4,1,2,average,Light Cardio,Balanced Diet,None,Meditation,Skin Care
U0456,39,Male,94,189,26.3,maintain,5.1,5,1,9,10,7227,32,mixed,417,88,1842,53,1,2.7,2,4,2,3,9,low,17,2,4,2,good,Weight Loss Workout,Balanced Diet,Improve Sleep,Relaxation,Maintain Routine
U0457,28,Female,74,174,24.4,weight_loss,8.0,1,23,6,1,9771,28,none,420,113,3449,122,3,1.5,5,4,6,6,10,low,10,1,1,1,poor,Moderate Workout,Low Carb,None,None,Hydration
U0458,48,Female,80,161,30.9,muscle_gain,8.2,2,1,6,3,4996,50,mixed,231,82,3447,45,6,2.5,2,1,8,6,7,medium,4,2,4,4,good,Weight Loss Workout,Low Carb,None,None,Maintain Routine
U0459,42,Male,55,183,16.4,weight_loss,6.7,1,0,5,5,11400,37,mixed,305,76,3092,112,0,3.7,3,6,6,2,9,medium,2,2,3,2,poor,Strength Training,Low Carb,None,None,Maintain Routine
U0460,45,Male,69,153,29.5,maintain,6.6,1,22,6,8,2701,6,mixed,352,66,2701,81,1,1.7,4,9,4,3,8,medium,15,1,5,3,average,Weight Loss Workout,Balanced Diet,None,Meditation,Hydration
U0461,18,Female,57,179,17.8,weight_loss,8.9,2,0,5,3,8989,25,cardio,449,87,1855,55,1,3.8,5,7,2,7,9,high,14,1,5,1,average,Strength Training,Balanced Diet,None,Relaxation,Maintain Routine
U0462,40,Female,84,172,28.4,maintain,8.7,4,22,4,9,9638,33,cardio,264,102,3377,144,6,3.2,5,7,1,2,8,high,5,5,2,2,good,Weight Loss Workout,Low Carb,None,Relaxation,Skin Care
U0463,32,Female,62,154,26.1,muscle_gain,8.9,3,1,9,2,6396,53,strength,251,99,2122,114,0,2.4,2,7,6,5,5,medium,27,3,2,5,average,Weight Loss Workout,Balanced Diet,None,None,Skin Care
U0464,41,Male,55,150,24.4,weight_loss,6.5,4,22,3,7,8086,2,mixed,420,86,3339,117,5,2.2,4,8,7,5,10,medium,28,1,5,0,average,Moderate Workout,Low Carb,None,Meditation,Maintain Routine
U0465,30,Male,97,159,38.4,maintain,7.4,4,21,2,4,10915,22,strength,407,69,2697,57,0,3.4,4,2,2,9,7,medium,25,2,5,1,average,Weight Loss Workout,Balanced Diet,Reduce Screen Time,Relaxation,Maintain Routine
U0466,38,Female,52,187,14.9,stress_relief,5.8,1,1,6,2,10025,38,cardio,335,93,2053,49,0,2.9,5,10,5,2,4,low,1,1,2,5,poor,Strength Training,High Protein,Improve Sleep,Meditation,Skin Care
U0467,31,Female,84,166,30.5,weight_loss,5.4,3,23,7,1,9556,52,mixed,234,105,3424,53,3,3.3,2,5,4,4,8,medium,14,3,5,2,good,Weight Loss Workout,Low Carb,Improve Sleep,None,Maintain Routine
U0468,26,Male,66,175,21.6,stress_relief,7.5,3,1,6,9,11060,0,cardio,146,63,2239,92,3,3.5,2,6,8,5,9,high,13,1,2,3,average,Moderate Workout,Balanced Diet,None,None,Skin Care
U0469,41,Female,52,163,19.6,weight_loss,4.4,2,23,5,6,9978,34,mixed,424,69,1988,62,4,1.0,4,6,8,4,6,medium,7,5,4,5,average,Moderate Workout,Balanced Diet,Improve Sleep,None,Hydration
U0470,20,Female,62,182,18.7,stress_relief,8.1,3,23,6,6,1730,40,cardio,461,62,2526,113,3,1.7,4,10,8,4,11,medium,19,3,4,2,good,Light Cardio,Balanced Diet,None,Meditation,Hydration
U0471,29,Female,71,162,27.1,maintain,6.6,4,1,7,2,1158,59,cardio,209,96,3312,43,0,3.5,5,7,3,3,7,medium,18,3,1,5,poor,Weight Loss Workout,Low Carb,None,Relaxation,Skin Care
U0472,46,Male,59,152,25.5,maintain,4.9,1,23,6,5,1324,57,strength,149,85,3107,98,6,3.0,4,5,8,2,7,low,14,4,5,3,average,Weight Loss Workout,Low Carb,Improve Sleep,None,Maintain Routine
U0473,22,Female,90,159,35.6,stress_relief,7.2,4,0,8,10,8422,35,strength,336,72,2697,111,0,2.7,4,6,9,6,8,medium,5,3,4,3,good,Weight Loss Workout,Balanced Diet,None,None,Maintain Routine
U0474,21,Male,70,180,21.6,maintain,5.7,5,22,4,6,1528,6,none,167,96,1793,125,2,2.7,3,4,8,6,6,high,16,3,5,2,average,Light Cardio,Balanced Diet,Improve Sleep,None,Maintain Routine
U0475,44,Female,51,165,18.7,weight_loss,6.1,3,21,5,6,5210,6,strength,241,97,1706,140,6,3.3,4,9,5,6,8,low,5,2,3,3,good,Moderate Workout,Balanced Diet,None,Meditation,Maintain Routine
U0476,44,Male,52,158,20.8,muscle_gain,5.3,3,0,8,1,1056,52,strength,243,110,1867,104,1,1.7,4,1,10,5,8,medium,8,4,3,3,average,Light Cardio,Balanced Diet,Improve Sleep,None,Hydration
U0477,25,Female,88,176,28.4,maintain,6.7,5,0,8,3,9625,46,strength,497,112,3451,135,3,3.3,5,10,8,6,7,high,25,4,3,2,average,Weight Loss Workout,Low Carb,None,Meditation,Maintain Routine
U0478,44,Female,98,185,28.6,maintain,5.5,1,22,5,4,8686,7,mixed,166,104,3173,143,6,1.2,3,5,7,2,6,medium,6,1,3,5,good,Weight Loss Workout,Low Carb,Improve Sleep,None,Hydration
U0479,21,Female,97,172,32.8,maintain,7.4,3,23,7,1,10118,9,cardio,449,108,3440,129,4,2.8,5,9,6,2,7,low,16,2,5,4,good,Weight Loss Workout,Low Carb,None,Meditation,Maintain Routine
U0480,20,Female,79,165,29.0,muscle_gain,8.2,5,22,5,1,7412,29,cardio,415,118,2224,57,1,1.2,2,2,7,4,4,low,10,1,5,5,good,Weight Loss Workout,Balanced Diet,None,None,Hydration
U0481,37,Female,83,155,34.5,maintain,5.2,4,1,8,9,11393,49,cardio,113,111,1876,65,5,1.4,4,8,10,2,10,low,26,1,1,1,average,Weight Loss Workout,Balanced Diet,Improve Sleep,Meditation,Hydration
U0482,43,Male,50,185,14.6,stress_relief,6.4,4,21,2,3,7147,4,cardio,336,82,1515,51,4,3.1,3,1,7,5,9,high,15,5,3,0,good,Strength Training,Balanced Diet,None,None,Maintain Routine
U0483,35,Male,73,152,31.6,stress_relief,7.1,5,23,5,7,6486,16,strength,298,111,1515,82,3,2.5,5,5,6,5,6,medium,4,1,2,2,poor,Weight Loss Workout,Balanced Diet,None,None,Skin Care
U0484,39,Male,86,189,24.1,maintain,7.7,4,21,2,6,9078,6,strength,164,97,3486,130,3,2.6,2,2,1,2,8,high,19,2,5,1,good,Moderate Workout,Low Carb,None,Relaxation,Maintain Routine
U0485,39,Female,93,162,35.4,maintain,8.7,3,1,7,2,1824,56,strength,157,111,1992,58,2,1.7,2,3,9,7,10,low,6,3,5,2,poor,Weight Loss Workout,Balanced Diet,None,None,Hydration
U0486,40,Female,54,167,19.4,maintain,6.1,2,22,6,8,9722,46,cardio,245,109,3321,95,4,3.5,3,4,10,6,5,low,25,4,1,3,good,Moderate Workout,Low Carb,None,None,Skin Care
U0487,47,Female,93,176,30.0,muscle_gain,7.1,2,0,8,1,4770,14,strength,484,70,2578,31,0,1.2,5,6,6,3,5,high,16,2,3,1,average,Weight Loss Workout,High Protein,None,None,Hydration
U0488,38,Female,52,155,21.6,weight_loss,4.1,5,22,4,6,10787,23,none,167,81,1907,69,4,2.5,5,6,2,2,9,low,22,2,5,5,average,Moderate Workout,Balanced Diet,Improve Sleep,Relaxation,Maintain Routine
U0489,41,Male,61,162,23.2,weight_loss,6.6,5,22,5,9,5942,49,mixed,150,111,2133,68,1,3.6,2,8,5,5,10,high,26,1,2,0,good,Moderate Workout,Balanced Diet,None,Meditation,Skin Care
U0490,47,Female,75,187,21.4,weight_loss,8.6,4,1,7,3,6807,56,cardio,486,91,1662,48,5,2.3,2,4,8,4,11,low,1,2,3,4,poor,Moderate Workout,High Protein,None,None,Maintain Routine
U0491,27,Male,52,154,21.9,muscle_gain,4.1,3,22,5,8,3391,16,mixed,301,61,2183,52,5,1.5,4,8,3,2,8,high,28,5,5,0,average,Light Cardio,Balanced Diet,Improve Sleep,Meditation,Hydration
U0492,33,Female,73,164,27.1,muscle_gain,5.9,5,0,7,10,10666,1,strength,120,68,2341,65,2,2.1,5,6,1,7,5,low,11,3,1,3,average,Weight Loss Workout,Balanced Diet,Improve Sleep,Relaxation,Skin Care
U0493,46,Male,55,168,19.5,weight_loss,7.4,3,22,4,5,2399,1,none,207,89,3318,100,3,2.0,4,1,4,2,9,low,2,2,2,1,average,Light Cardio,Low Carb,None,None,Skin Care
U0494,32,Male,75,150,33.3,stress_relief,8.8,3,1,8,2,8501,20,strength,102,110,3075,97,3,1.3,2,8,1,8,8,high,26,5,4,0,average,Weight Loss Workout,Low Carb,Reduce Screen Time,Meditation,Hydration
U0495,27,Female,71,167,25.5,weight_loss,7.2,2,1,7,5,6125,20,none,135,66,2879,54,2,3.4,2,10,2,9,8,medium,4,2,4,0,average,Weight Loss Workout,Low Carb,Reduce Screen Time,Meditation,Maintain Routine
U0496,23,Female,61,185,17.8,maintain,7.7,4,1,7,3,10745,15,none,270,96,1828,32,5,3.3,3,4,9,6,11,high,9,5,1,3,good,Strength Training,High Protein,None,None,Skin Care
U0497,35,Female,84,151,36.8,muscle_gain,7.8,4,0,7,10,5925,0,cardio,371,68,2260,82,0,1.0,2,7,9,8,5,high,10,5,4,2,average,Weight Loss Workout,Balanced Diet,Reduce Screen Time,None,Hydration
U0498,34,Male,68,183,20.3,maintain,6.3,4,1,9,4,10424,36,mixed,492,117,2415,138,0,2.6,5,9,4,6,6,low,16,1,1,3,good,Moderate Workout,Balanced Diet,None,Meditation,Skin Care
U0499,49,Female,94,181,28.7,weight_loss,6.6,4,21,5,9,10476,34,mixed,420,73,2724,123,3,2.4,2,4,9,3,6,high,6,2,5,3,average,Weight Loss Workout,Balanced Diet,None,None,Maintain Routine
U0500,28,Male,63,185,18.4,muscle_gain,5.3,3,22,3,7,6190,11,cardio,166,85,3295,135,3,2.9,2,10,5,7,9,high,18,5,4,2,average,Moderate Workout,Low Carb,Improve Sleep,Meditation,Maintain Routine
U0501,43,Female,50,165,18.4,stress_relief,4.1,4,21,2,10,10493,52,mixed,337,72,3356,45,6,2.1,5,3,10,7,7,medium,20,4,4,0,good,Moderate Workout,Low Carb,Improve Sleep,None,Maintain Routine
U0502,34,Male,56,177,17.9,weight_loss,8.9,5,0,7,6,11388,13,strength,226,104,3154,99,4,3.5,2,9,6,5,5,medium,6,1,5,5,good,Strength Training,Low Carb,None,Meditation,Maintain Routine
U0503,25,Male,62,162,23.6,stress_relief,7.8,2,22,3,3,5053,1,mixed,314,84,2231,87,2,3.2,3,1,8,3,9,high,21,5,3,4,average,Moderate Workout,Balanced Diet,None,None,Maintain Routine
U0504,48,Female,97,188,27.4,maintain,5.1,4,22,5,2,1079,51,mixed,176,117,2232,38,1,3.5,2,4,9,8,9,high,11,5,2,0,average,Weight Loss Workout,High Protein,Improve Sleep,None,Skin Care
U0505,20,Female,69,165,25.3,stress_relief,5.6,1,23,5,9,3745,33,strength,121,103,2796,44,1,1.9,2,5,1,9,4,low,24,2,3,2,average,Weight Loss Workout,High Protein,Improve Sleep,Relaxation,Hydration
U0506,32,Male,85,180,26.2,stress_relief,6.8,2,0,7,7,8897,29,cardio,144,75,2562,141,4,3.0,5,8,8,5,8,high,23,5,4,5,average,Weight Loss Workout,Balanced Diet,None,Meditation,Maintain Routine
U0507,45,Female,96,151,42.1,muscle_gain,7.4,2,0,6,8,9915,10,strength,301,82,3456,70,3,3.9,3,1,6,3,5,medium,27,4,5,4,average,Weight Loss Workout,Low Carb,None,None,Maintain Routine
U0508,24,Female,99,154,41.7,maintain,6.8,3,22,5,7,4688,36,none,453,94,1661,146,5,3.9,4,3,4,9,7,high,27,1,3,5,poor,Weight Loss Workout,Balanced Diet,Reduce Screen Time,None,Maintain Routine
U0509,49,Male,84,188,23.8,muscle_gain,8.7,5,0,5,1,7157,23,cardio,405,116,3008,90,6,2.1,5,2,5,9,9,high,26,3,1,5,good,Moderate Workout,Low Carb,Reduce Screen Time,None,Skin Care
U0510,36,Female,97,153,41.4,weight_loss,8.4,4,21,5,2,6386,30,none,219,113,2067,67,4,1.3,3,10,10,4,11,high,7,4,2,2,poor,Weight Loss Workout,Balanced Diet,None,Meditation,Hydration
U0511,33,Male,72,162,27.4,stress_relief,7.3,1,1,6,2,10983,32,strength,319,78,1606,98,0,3.3,2,8,6,6,4,low,2,2,3,2,average,Weight Loss Workout,Balanced Diet,None,Meditation,Maintain Routine
U0512,25,Male,88,184,26.0,stress_relief,7.2,1,1,9,3,3692,54,cardio,375,83,2687,63,1,2.3,5,6,2,4,4,low,24,2,4,4,average,Weight Loss Workout,Balanced Diet,None,Relaxation,Maintain Routine
U0513,25,Male,94,164,34.9,weight_loss,5.2,4,1,9,2,4042,46,none,246,104,2688,83,5,1.9,3,3,7,8,7,medium,26,3,1,1,average,Weight Loss Workout,Balanced Diet,Improve Sleep,None,Hydration
U0514,33,Male,73,164,27.1,maintain,7.8,1,22,6,3,1464,15,mixed,138,111,1787,137,0,3.9,5,1,10,8,4,low,16,4,1,1,poor,Weight Loss Workout,Balanced Diet,Reduce Screen Time,None,Skin Care
U0515,19,Female,72,162,27.4,weight_loss,5.1,4,0,7,9,1557,16,cardio,246,89,2354,44,2,2.9,3,7,1,3,11,medium,26,5,4,2,average,Weight Loss Workout,High Protein,Improve Sleep,Relaxation,Maintain Routine
U0516,18,Female,71,188,20.1,stress_relief,4.1,5,22,4,8,6349,40,mixed,419,66,2221,93,0,2.3,2,4,4,2,9,medium,23,2,5,5,poor,Moderate Workout,Balanced Diet,Improve Sleep,None,Maintain Routine
U0517,22,Female,78,162,29.7,stress_relief,7.9,4,22,5,8,2331,3,cardio,117,98,3306,82,5,2.5,5,8,5,9,7,medium,15,3,1,0,good,Weight Loss Workout,Low Carb,Reduce Screen Time,Meditation,Skin Care
U0518,20,Female,88,178,27.8,muscle_gain,6.4,3,21,5,1,5929,7,strength,124,61,2267,144,0,2.5,3,3,5,8,5,high,25,3,2,2,poor,Weight Loss Workout,Balanced Diet,Reduce Screen Time,None,Skin Care
U0519,27,Female,56,166,20.3,muscle_gain,7.2,4,23,6,4,7238,24,cardio,112,77,3440,141,0,1.1,5,4,5,4,7,low,20,5,3,2,poor,Moderate Workout,Low Carb,None,None,Hydration
U0520,36,Female,89,184,26.3,stress_relief,8.3,5,0,5,8,3186,15,none,338,83,1752,114,3,3.9,3,8,7,3,9,low,29,5,5,4,good,Weight Loss Workout,Balanced Diet,None,Meditation,Maintain Routine
U0521,46,Female,72,164,26.8,muscle_gain,7.6,5,1,9,6,2908,28,strength,332,108,2774,79,4,2.2,5,4,5,6,11,high,14,3,3,5,good,Weight Loss Workout,Balanced Diet,None,None,Maintain Routine
U0522,29,Male,50,167,17.9,weight_loss,5.4,4,22,3,4,5754,5,cardio,258,68,2991,103,4,1.3,2,2,2,6,4,low,11,2,2,3,good,Strength Training,Low Carb,Improve Sleep,Relaxation,Hydration
U0523,19,Male,71,179,22.2,muscle_gain,8.4,3,21,5,7,6088,44,cardio,238,65,1647,128,3,2.4,2,10,10,5,9,medium,27,3,2,2,good,Moderate Workout,Balanced Diet,None,Meditation,Skin Care
U0524,43,Male,77,176,24.9,muscle_gain,6.9,1,22,3,1,9539,47,strength,157,74,2194,110,1,3.5,2,1,9,9,8,medium,22,4,3,5,poor,Moderate Workout,Balanced Diet,Reduce Screen Time,None,Maintain Routine
U0525,30,Male,51,161,19.7,weight_loss,8.9,4,21,5,6,10829,6,none,323,70,2291,96,5,4.0,3,9,2,4,7,high,12,2,4,3,average,Moderate Workout,Balanced Diet,None,Meditation,Maintain Routine
U0526,26,Male,97,170,33.6,weight_loss,5.9,3,22,6,5,7176,22,cardio,153,112,1548,107,5,2.3,3,10,7,3,5,low,24,4,5,1,average,Weight Loss Workout,Balanced Diet,Improve Sleep,Meditation,Maintain Routine
U0527,45,Female,73,162,27.8,muscle_gain,7.5,4,21,3,6,11835,22,strength,385,97,1813,123,0,1.4,3,4,1,3,11,medium,25,2,4,0,poor,Weight Loss Workout,Balanced Diet,None,Relaxation,Hydration
U0528,37,Male,89,163,33.5,weight_loss,6.2,3,1,7,6,3841,39,strength,362,89,2425,149,2,3.9,5,1,1,7,9,medium,24,4,4,5,good,Weight Loss Workout,Balanced Diet,None,Relaxation,Maintain Routine
U0529,45,Male,55,182,16.6,weight_loss,4.9,4,23,6,3,1525,1,cardio,487,85,2638,41,1,3.4,5,10,6,2,6,low,14,3,5,4,good,Strength Training,High Protein,Improve Sleep,Meditation,Maintain Routine
U0530,45,Female,54,181,16.5,maintain,6.7,2,1,9,4,4297,9,none,268,116,2291,133,0,3.9,2,8,3,4,4,medium,10,2,4,5,poor,Strength Training,Balanced Diet,None,Meditation,Maintain Routine
U0531,35,Female,69,188,19.5,weight_loss,5.2,4,0,8,4,5993,27,strength,122,74,2431,120,5,1.6,3,3,4,3,9,low,8,5,4,2,poor,Moderate Workout,Balanced Diet,Improve Sleep,None,Hydration
U0532,24,Female,54,153,23.1,stress_relief,4.8,5,21,3,2,4285,13,mixed,125,102,2303,68,4,3.1,3,6,2,9,11,medium,26,3,1,5,good,Moderate Workout,Balanced Diet,Improve Sleep,Relaxation,Skin Care
U0533,32,Male,67,171,22.9,stress_relief,8.8,5,21,3,10,10709,12,strength,201,100,2504,38,6,2.5,3,5,9,9,10,medium,2,1,3,1,average,Moderate Workout,High Protein,Reduce Screen Time,None,Maintain Routine
U0534,35,Female,75,168,26.6,weight_loss,5.6,3,23,7,4,5856,18,cardio,106,88,3206,98,5,2.8,5,10,8,3,7,medium,12,2,2,1,poor,Weight Loss Workout,Low Carb,Improve Sleep,Meditation,Skin Care
U0535,37,Male,65,169,22.8,weight_loss,7.6,3,22,6,2,8852,21,mixed,378,118,1945,142,3,1.1,2,9,7,8,7,low,23,5,1,5,poor,Moderate Workout,Balanced Diet,Reduce Screen Time,Meditation,Hydration
U0536,38,Female,75,174,24.8,weight_loss,5.6,1,21,2,5,7071,8,mixed,297,87,2184,55,3,2.6,3,6,4,4,8,medium,17,3,3,5,poor,Moderate Workout,Balanced Diet,Improve Sleep,None,Maintain Routine
U0537,38,Female,87,170,30.1,weight_loss,6.9,2,0,5,6,8188,16,cardio,245,116,2386,66,3,1.3,4,4,1,5,4,low,25,3,5,0,average,Weight Loss Workout,Balanced Diet,None,Relaxation,Hydration
U0538,36,Male,72,168,25.5,maintain,7.2,4,0,7,2,1800,27,none,451,109,2671,69,2,1.6,4,6,6,6,4,low,19,1,5,5,average,Weight Loss Workout,Balanced Diet,None,None,Hydration
U0539,43,Female,83,187,23.7,stress_relief,5.1,3,0,6,6,7227,30,cardio,170,67,3492,31,0,3.0,2,10,1,6,9,high,27,4,3,4,poor,Moderate Workout,Low Carb,Improve Sleep,Meditation,Maintain Routine
U0540,43,Male,55,158,22.0,weight_loss,7.5,4,0,8,2,4619,7,cardio,492,60,2856,79,6,3.8,4,6,7,6,10,high,18,3,1,4,good,Moderate Workout,Low Carb,None,None,Skin Care
U0541,28,Female,77,173,25.7,stress_relief,8.6,2,21,4,4,11317,38,strength,363,83,2731,113,6,2.2,2,6,6,7,11,medium,23,5,5,1,good,Weight Loss Workout,Balanced Diet,None,None,Maintain Routine
U0542,26,Female,80,176,25.8,weight_loss,7.8,3,21,3,1,4783,56,mixed,477,87,3377,111,5,3.7,4,9,2,4,8,high,1,3,2,0,poor,Weight Loss Workout,Low Carb,None,Meditation,Skin Care
U0543,45,Male,91,164,33.8,stress_relief,6.2,2,22,4,10,3064,52,strength,357,107,2216,56,0,3.0,3,8,6,2,9,high,6,1,3,4,good,Weight Loss Workout,Balanced Diet,None,Meditation,Maintain Routine
U0544,37,Male,56,189,15.7,stress_relief,8.4,4,0,7,8,10669,24,cardio,158,72,2370,133,5,3.8,5,6,2,7,11,low,12,2,4,5,average,Strength Training,Balanced Diet,None,Relaxation,Maintain Routine
U0545,19,Female,63,176,20.3,stress_relief,8.4,5,0,8,7,8021,24,mixed,135,109,2910,30,0,3.9,5,5,3,8,9,medium,2,1,2,2,good,Moderate Workout,Low Carb,Reduce Screen Time,Relaxation,Skin Care
U0546,23,Female,75,174,24.8,stress_relief,4.2,1,0,8,2,1845,57,cardio,205,79,2597,39,2,3.6,2,8,1,8,4,high,8,5,2,3,poor,Light Cardio,High Protein,Improve Sleep,Meditation,Skin Care
U0547,28,Female,62,174,20.5,stress_relief,7.9,4,23,4,5,3060,26,mixed,452,101,3387,37,4,3.0,3,7,9,6,4,medium,9,2,2,3,good,Light Cardio,Low Carb,None,None,Skin Care
U0548,33,Male,79,166,28.7,muscle_gain,4.9,3,1,6,1,5308,52,cardio,203,104,3212,48,3,2.9,2,5,9,7,5,medium,26,1,5,4,poor,Weight Loss Workout,Low Carb,Improve Sleep,None,Maintain Routine
U0549,29,Male,97,179,30.3,muscle_gain,7.3,5,0,5,10,3093,30,strength,163,88,3166,38,2,2.1,3,10,10,7,4,high,20,2,5,0,good,Weight Loss Workout,Low Carb,None,Meditation,Maintain Routine
U0550,49,Male,60,189,16.8,weight_loss,4.9,1,22,4,6,6734,59,strength,360,108,1905,119,4,3.5,5,10,7,8,5,high,11,3,4,5,poor,Strength Training,Balanced Diet,Improve Sleep,Meditation,Maintain Routine
U0551,19,Female,60,154,25.3,muscle_gain,5.8,3,1,7,7,11954,31,none,322,104,1616,101,3,3.0,5,2,3,5,7,medium,8,2,1,3,good,Weight Loss Workout,Balanced Diet,Improve Sleep,Relaxation,Skin Care
U0552,44,Male,68,187,19.4,muscle_gain,5.0,3,1,6,2,1941,15,strength,364,106,2786,43,5,3.0,5,8,2,9,4,medium,16,3,5,5,average,Light Cardio,High Protein,Improve Sleep,Meditation,Maintain Routine
U0553,37,Female,56,156,23.0,muscle_gain,7.4,2,1,6,5,3791,4,mixed,302,64,2636,147,3,3.4,5,6,2,9,4,low,23,1,2,3,poor,Light Cardio,Balanced Diet,Reduce Screen Time,Relaxation,Skin Care
U0554,42,Female,94,167,33.7,stress_relief,6.6,2,22,4,1,4206,11,strength,109,64,3376,32,2,3.5,4,6,4,6,6,medium,28,3,4,5,poor,Weight Loss Workout,Low Carb,None,None,Maintain Routine
U0555,29,Male,53,168,18.8,weight_loss,8.1,2,1,6,2,3717,50,strength,443,107,2247,62,0,1.2,5,2,3,8,4,high,23,1,2,3,average,Light Cardio,Balanced Diet,Reduce Screen Time,Relaxation,Hydration
U0556,21,Male,89,172,30.1,weight_loss,8.2,3,23,4,8,2304,17,none,335,77,2021,100,3,2.8,3,2,2,8,7,low,19,1,2,2,poor,Weight Loss Workout,Balanced Diet,Reduce Screen Time,Relaxation,Skin Care
U0557,27,Male,84,187,24.0,maintain,5.3,4,23,7,8,10343,31,cardio,106,61,2352,35,3,3.6,5,10,5,7,4,high,22,2,3,0,average,Moderate Workout,High Protein,Improve Sleep,Meditation,Maintain Routine
U0558,20,Male,64,184,18.9,maintain,9.0,4,0,8,9,9283,24,none,447,60,2454,98,1,2.2,3,4,2,3,8,high,4,4,2,2,average,Moderate Workout,Balanced Diet,None,Relaxation,Skin Care
U0559,47,Female,99,181,30.2,muscle_gain,4.5,4,22,4,7,7992,21,none,195,117,2261,139,2,3.2,5,10,4,7,9,low,20,4,5,1,average,Weight Loss Workout,Balanced Diet,Improve Sleep,Meditation,Maintain Routine
U0560,48,Female,80,153,34.2,maintain,6.9,1,1,7,5,5722,26,mixed,364,74,3007,134,6,2.1,4,3,5,4,10,medium,26,3,1,3,good,Weight Loss Workout,Low Carb,None,None,Skin Care
U0561,27,Male,60,180,18.5,maintain,4.7,3,23,5,9,2683,57,cardio,441,109,3412,108,6,3.6,4,4,10,6,10,high,17,4,4,0,poor,Light Cardio,Low Carb,Improve Sleep,None,Maintain Routine
U0562,38,Male,53,151,23.2,weight_loss,6.3,1,23,7,1,8462,18,cardio,381,103,2535,51,4,3.8,3,4,6,4,5,high,28,1,2,0,good,Moderate Workout,Balanced Diet,None,None,Skin Care
U0563,29,Male,64,150,28.4,stress_relief,4.8,2,1,6,1,6892,17,mixed,482,117,3365,65,0,3.8,2,2,8,2,10,high,16,4,5,5,poor,Weight Loss Workout,Low Carb,Improve Sleep,None,Maintain Routine
U0564,22,Male,70,174,23.1,maintain,6.5,3,21,5,5,11691,43,none,317,93,3305,44,3,1.0,4,9,7,7,8,high,11,3,5,5,good,Moderate Workout,Low Carb,None,Meditation,Hydration
U0565,30,Male,89,185,26.0,maintain,6.8,4,21,2,7,2896,11,cardio,241,105,2154,96,6,1.9,5,8,5,7,6,high,3,4,1,5,poor,Weight Loss Workout,Balanced Diet,None,Meditation,Hydration
U0566,32,Male,60,152,26.0,maintain,4.1,2,21,5,10,6408,35,none,239,116,1799,42,3,2.2,5,5,8,5,8,high,11,3,5,3,poor,Weight Loss Workout,High Protein,Improve Sleep,None,Maintain Routine
U0567,38,Male,58,155,24.1,weight_loss,8.5,1,22,6,3,5521,5,strength,290,79,1904,31,1,3.7,5,10,7,3,9,high,27,1,5,0,average,Moderate Workout,High Protein,None,Meditation,Maintain Routine
U0568,26,Female,80,171,27.4,maintain,8.1,4,23,7,2,6906,47,mixed,306,64,2918,108,4,1.1,5,1,4,9,10,high,13,4,3,1,average,Weight Loss Workout,Low Carb,Reduce Screen Time,None,Hydration
U0569,39,Female,70,166,25.4,maintain,6.4,2,21,5,7,4081,45,strength,397,111,3032,124,2,3.9,2,9,3,8,4,low,6,2,3,5,average,Weight Loss Workout,Low Carb,Reduce Screen Time,Meditation,Maintain Routine
U0570,39,Male,93,158,37.3,maintain,5.0,5,21,5,6,7190,35,cardio,302,64,2189,53,6,2.5,5,5,1,7,5,medium,4,3,1,4,poor,Weight Loss Workout,Balanced Diet,Improve Sleep,Relaxation,Skin Care
U0571,45,Female,69,161,26.6,muscle_gain,7.3,5,1,8,1,9367,20,strength,481,90,2782,46,4,2.2,3,7,6,5,11,high,29,2,5,2,average,Weight Loss Workout,High Protein,None,None,Maintain Routine
U0572,46,Male,59,181,18.0,maintain,7.0,5,23,4,3,5402,46,cardio,483,70,1713,111,2,1.1,3,5,9,5,11,high,27,3,5,4,average,Moderate Workout,Balanced Diet,None,None,Hydration
U0573,28,Male,76,170,26.3,muscle_gain,5.7,1,23,6,9,5340,16,mixed,394,66,2906,59,4,1.1,5,9,8,6,9,high,7,1,3,3,poor,Weight Loss Workout,Low Carb,Improve Sleep,Meditation,Hydration
U0574,40,Female,85,164,31.6,maintain,5.0,5,1,7,7,4084,57,mixed,271,66,1867,148,6,3.6,2,7,3,8,7,high,6,2,2,2,average,Weight Loss Workout,Balanced Diet,Improve Sleep,Relaxation,Skin Care
U0575,37,Female,89,187,25.5,stress_relief,5.0,4,22,4,4,7997,50,strength,152,80,2589,133,4,3.2,4,9,9,2,10,low,21,1,2,3,average,Weight Loss Workout,Balanced Diet,Improve Sleep,Meditation,Skin Care
U0576,49,Female,89,151,39.0,muscle_gain,7.2,4,21,3,1,8815,27,none,248,82,2939,37,6,1.9,5,10,8,2,5,high,16,4,5,2,good,Weight Loss Workout,Low Carb,None,Meditation,Hydration
U0577,25,Female,86,180,26.5,weight_loss,8.7,2,23,6,3,4600,13,strength,401,97,2302,30,5,3.1,5,1,1,5,5,medium,7,2,3,1,poor,Weight Loss Workout,High Protein,None,Relaxation,Maintain Routine
U0578,44,Male,59,165,21.7,stress_relief,6.6,4,23,7,3,3688,26,none,367,89,2532,82,4,3.6,2,10,1,5,11,high,18,3,4,3,poor,Light Cardio,Balanced Diet,None,Meditation,Maintain Routine
U0579,32,Male,88,180,27.2,maintain,5.6,2,22,4,4,11222,42,strength,486,74,3134,76,5,2.3,5,1,5,2,5,medium,15,2,2,4,average,Weight Loss Workout,Low Carb,Improve Sleep,None,Skin Care
U0580,45,Female,98,169,34.3,muscle_gain,7.7,5,0,8,2,8211,1,strength,372,69,3309,51,2,3.2,2,8,4,2,7,medium,1,3,5,3,average,Weight Loss Workout,Low Carb,None,Meditation,Maintain Routine
U0581,48,Male,72,171,24.6,stress_relief,4.6,2,23,6,4,5476,44,mixed,220,98,2643,101,1,3.5,4,4,5,3,8,high,29,1,1,3,average,Moderate Workout,Balanced Diet,Improve Sleep,None,Skin Care
U0582,47,Female,87,153,37.2,stress_relief,8.1,1,21,2,8,7042,6,cardio,462,94,2901,41,4,1.8,2,10,1,7,6,medium,1,5,1,4,poor,Weight Loss Workout,Low Carb,None,Meditation,Hydration
U0583,21,Male,69,186,19.9,weight_loss,8.9,2,21,2,1,10461,14,none,473,96,3099,120,5,2.6,3,7,3,2,9,high,12,1,3,4,average,Moderate Workout,Low Carb,None,Relaxation,Maintain Routine
U0584,46,Female,72,181,22.0,maintain,6.6,4,0,8,4,8707,13,mixed,325,72,2234,126,3,2.7,5,9,9,5,5,high,16,5,5,1,average,Moderate Workout,Balanced Diet,None,Meditation,Maintain Routine
U0585,33,Male,77,152,33.3,weight_loss,8.1,4,1,7,4,11999,44,cardio,170,87,2113,42,3,1.3,5,5,8,8,7,high,1,4,3,1,average,Weight Loss Workout,High Protein,Reduce Screen Time,None,Hydration
U0586,30,Female,78,178,24.6,maintain,8.8,5,23,5,9,3379,29,cardio,406,92,2925,107,5,4.0,2,1,4,5,10,high,21,2,1,1,good,Light Cardio,Low Carb,None,None,Skin Care
U0587,44,Male,92,172,31.1,maintain,7.0,3,1,9,3,1998,6,mixed,384,114,1920,142,1,3.1,2,2,2,2,5,medium,29,3,1,0,average,Weight Loss Workout,Balanced Diet,None,Relaxation,Skin Care
U0588,37,Female,94,157,38.1,muscle_gain,5.8,3,22,6,2,9215,23,none,125,84,2303,100,1,1.2,5,1,4,3,4,low,18,4,2,0,poor,Weight Loss Workout,Balanced Diet,Improve Sleep,None,Hydration
U0589,41,Male,58,188,16.4,weight_loss,6.3,1,1,7,5,7995,7,mixed,210,80,3220,134,2,1.4,4,6,6,5,6,low,9,3,1,3,poor,Strength Training,Low Carb,None,None,Hydration
U0590,32,Male,95,170,32.9,muscle_gain,6.6,1,23,6,3,8069,34,strength,151,113,3049,64,3,2.5,3,7,7,8,8,high,17,4,5,3,poor,Weight Loss Workout,Low Carb,Reduce Screen Time,None,Maintain Routine
U0591,41,Female,94,178,29.7,muscle_gain,5.7,1,1,9,4,11025,48,strength,242,65,3218,82,6,3.5,4,2,4,4,4,low,18,3,5,2,average,Weight Loss Workout,Low Carb,Improve Sleep,None,Maintain Routine
U0592,45,Female,74,186,21.4,stress_relief,4.1,2,21,4,9,9102,45,cardio,237,82,2989,61,0,2.0,5,2,8,3,11,high,23,3,1,5,good,Moderate Workout,Low Carb,Improve Sleep,None,Skin Care
U0593,46,Female,77,187,22.0,weight_loss,8.2,1,23,5,8,3121,46,none,458,69,1919,118,3,1.9,2,10,3,7,8,high,15,2,5,3,good,Light Cardio,Balanced Diet,None,Meditation,Hydration
U0594,35,Male,66,180,20.4,muscle_gain,6.3,1,0,8,5,5923,58,strength,400,119,2293,131,2,3.1,2,3,3,6,9,low,12,1,3,0,good,Moderate Workout,Balanced Diet,None,Relaxation,Maintain Routine
U0595,34,Female,63,183,18.8,muscle_gain,5.5,1,23,5,8,1600,1,strength,450,68,1849,113,4,3.8,2,6,10,5,4,low,6,4,2,0,good,Light Cardio,Balanced Diet,Improve Sleep,None,Skin Care
U0596,33,Male,73,161,28.2,muscle_gain,8.4,5,23,7,7,3538,26,strength,440,103,3198,142,6,1.3,4,7,2,6,7,medium,23,1,2,1,poor,Weight Loss Workout,Low Carb,None,Relaxation,Hydration
U0597,34,Female,83,163,31.2,stress_relief,5.9,5,21,2,7,2473,33,cardio,192,96,3487,105,1,3.3,5,3,4,3,7,medium,20,5,5,2,poor,Weight Loss Workout,Low Carb,Improve Sleep,None,Maintain Routine
U0598,44,Female,55,150,24.4,maintain,7.6,4,1,6,5,6905,20,none,359,72,1965,145,4,3.5,2,3,1,2,9,high,19,1,1,4,average,Moderate Workout,Balanced Diet,None,Relaxation,Skin Care
U0599,32,Female,97,188,27.4,maintain,4.6,4,0,5,4,3804,0,cardio,300,60,2347,47,5,3.5,3,2,9,5,8,high,21,3,5,2,poor,Weight Loss Workout,High Protein,Improve Sleep,None,Maintain Routine
U0600,25,Male,65,174,21.5,maintain,5.3,4,23,6,1,3410,4,mixed,242,101,1993,63,2,4.0,3,5,4,9,8,medium,21,4,5,0,good,Light Cardio,Balanced Diet,Improve Sleep,None,Maintain Routine
U0601,37,Female,93,177,29.7,weight_loss,4.5,4,21,5,9,6996,48,cardio,455,73,2798,100,2,2.4,5,10,2,3,8,low,16,4,5,3,average,Weight Loss Workout,Balanced Diet,Improve Sleep,Meditation,Maintain Routine
U0602,48,Male,76,168,26.9,weight_loss,7.6,3,0,6,7,11541,43,mixed,279,67,3218,95,4,2.7,2,4,4,6,11,medium,26,4,5,4,good,Weight Loss Workout,Low Carb,None,None,Maintain Routine
U0603,32,Female,56,189,15.7,muscle_gain,4.8,2,22,4,10,11641,45,strength,266,89,3189,100,6,2.9,3,2,9,9,11,medium,16,1,3,3,poor,Strength Training,Low Carb,Improve Sleep,None,Maintain Routine
U0604,20,Female,57,179,17.8,maintain,5.8,5,22,6,2,1012,23,mixed,369,87,3494,99,5,3.3,2,1,9,3,9,low,0,3,4,4,average,Strength Training,Low Carb,Improve Sleep,None,Maintain Routine
U0605,38,Female,69,175,22.5,stress_relief,6.0,5,22,6,9,11987,58,cardio,452,74,2651,110,1,3.6,3,9,4,6,7,high,13,3,1,0,good,Moderate Workout,Balanced Diet,None,Meditation,Skin Care
U0606,37,Female,91,150,40.4,muscle_gain,7.0,3,21,4,9,5880,20,mixed,240,62,2975,33,2,3.1,3,8,10,6,8,low,11,2,3,2,poor,Weight Loss Workout,Low Carb,None,Meditation,Maintain Routine
U0607,29,Female,96,171,32.8,weight_loss,4.5,4,1,6,5,9495,57,strength,207,118,2486,130,6,1.7,3,6,7,6,4,medium,3,5,2,0,average,Weight Loss Workout,Balanced Diet,Improve Sleep,None,Hydration
U0608,41,Male,73,157,29.6,muscle_gain,7.4,1,1,7,5,6475,25,strength,464,90,2725,139,1,1.3,5,1,5,7,7,high,8,3,5,5,good,Weight Loss Workout,Balanced Diet,None,None,Hydration
U0609,39,Female,92,178,29.0,stress_relief,4.6,5,22,5,4,4317,4,strength,407,88,2875,60,1,1.1,2,5,7,2,7,high,20,4,4,0,good,Weight Loss Workout,Low Carb,Improve Sleep,None,Hydration
U0610,27,Male,80,151,35.1,maintain,5.9,3,23,4,2,9389,8,cardio,183,88,2608,102,3,1.4,5,4,8,7,8,low,27,3,5,0,poor,Weight Loss Workout,Balanced Diet,Improve Sleep,None,Hydration
U0611,45,Female,54,188,15.3,maintain,4.8,2,1,7,7,9551,5,mixed,419,98,3469,59,5,2.0,3,4,7,4,8,low,14,2,3,0,good,Strength Training,Low Carb,Improve Sleep,None,Maintain Routine
U0612,32,Female,54,183,16.1,maintain,8.9,3,21,3,10,4857,47,cardio,100,102,3428,52,2,3.7,3,6,8,8,5,high,20,5,4,2,average,Strength Training,Low Carb,Reduce Screen Time,None,Maintain Routine
U0613,20,Female,81,151,35.5,maintain,6.2,3,22,5,1,11199,0,mixed,114,96,1654,131,2,1.7,4,7,2,8,5,low,6,3,3,5,poor,Weight Loss Workout,Balanced Diet,Reduce Screen Time,Relaxation,Hydration
U0614,31,Female,66,185,19.3,stress_relief,7.4,2,1,8,8,4857,2,none,289,69,2447,102,5,2.5,4,1,4,3,6,medium,21,2,5,2,average,Moderate Workout,Balanced Diet,None,None,Maintain Routine
U0615,20,Male,92,167,33.0,stress_relief,6.0,1,22,3,6,9818,38,none,364,94,2162,41,3,1.6,3,8,9,6,11,medium,9,1,1,5,average,Weight Loss Workout,High Protein,None,Meditation,Hydration
U0616,41,Female,77,184,22.7,maintain,4.3,5,22,3,9,3021,5,none,333,114,3070,111,4,1.6,2,10,1,5,5,high,20,2,4,1,good,Light Cardio,Low Carb,Improve Sleep,Meditation,Hydration
U0617,31,Female,64,151,28.1,stress_relief,5.4,1,23,4,10,10472,31,mixed,153,106,1599,68,5,3.5,2,2,10,9,11,high,9,3,4,5,poor,Weight Loss Workout,Balanced Diet,Improve Sleep,None,Maintain Routine
U0618,23,Male,68,182,20.5,maintain,5.6,3,0,6,5,8250,52,mixed,155,93,2545,97,0,1.8,5,1,6,4,6,medium,27,2,5,0,average,Moderate Workout,Balanced Diet,Improve Sleep,None,Hydration
U0619,20,Male,91,154,38.4,muscle_gain,6.3,2,1,6,1,6250,4,cardio,349,108,2083,46,0,1.8,2,8,5,8,10,high,6,3,1,3,poor,Weight Loss Workout,High Protein,Reduce Screen Time,Meditation,Hydration
U0620,19,Male,71,167,25.5,muscle_gain,6.9,2,21,4,3,2293,43,strength,160,95,3048,45,5,3.3,2,6,6,3,9,high,23,1,2,2,good,Weight Loss Workout,Low Carb,None,None,Skin Care
U0621,29,Male,50,175,16.3,stress_relief,6.8,5,23,4,10,7436,48,none,374,60,1528,116,0,3.5,2,7,5,8,4,medium,5,1,1,4,average,Strength Training,Balanced Diet,Reduce Screen Time,None,Skin Care
U0622,25,Female,80,186,23.1,weight_loss,5.5,2,23,7,8,10184,44,cardio,104,87,2256,133,0,1.0,2,9,2,8,11,high,19,1,2,2,poor,Moderate Workout,Balanced Diet,Improve Sleep,Meditation,Hydration
U0623,36,Female,59,158,23.6,weight_loss,4.6,2,22,3,9,3749,14,cardio,437,60,3225,85,2,2.1,5,8,1,9,4,low,29,1,4,4,good,Light Cardio,Low Carb,Improve Sleep,Meditation,Maintain Routine
U0624,36,Female,78,174,25.8,maintain,8.8,5,21,3,8,2315,9,none,115,73,2859,54,0,1.3,4,8,6,2,10,high,0,3,1,2,good,Weight Loss Workout,Low Carb,None,Meditation,Hydration
U0625,18,Male,94,170,32.5,muscle_gain,8.0,4,0,5,1,6620,14,strength,326,114,3023,81,4,2.1,2,10,2,8,5,low,7,2,2,0,good,Weight Loss Workout,Low Carb,Reduce Screen Time,Meditation,Skin Care
U0626,48,Female,63,155,26.2,weight_loss,8.1,1,23,7,7,7194,1,none,135,111,3409,121,6,1.6,5,10,6,2,9,medium,13,3,1,2,average,Weight Loss Workout,Low Carb,None,Meditation,Hydration
U0627,43,Male,91,181,27.8,muscle_gain,5.3,2,21,4,2,4954,18,mixed,443,64,2675,120,5,2.0,4,6,2,4,7,low,3,5,5,1,average,Weight Loss Workout,Balanced Diet,Improve Sleep,Relaxation,Maintain Routine
U0628,27,Male,95,171,32.5,muscle_gain,5.9,5,23,6,10,2028,22,none,181,84,2275,124,4,1.4,5,7,8,5,11,medium,18,2,5,4,poor,Weight Loss Workout,Balanced Diet,Improve Sleep,None,Hydration
U0629,18,Female,93,167,33.3,weight_loss,5.7,4,21,4,8,9417,38,none,130,72,2132,53,4,3.5,2,1,2,9,4,high,27,5,1,3,good,Weight Loss Workout,Balanced Diet,Improve Sleep,Relaxation,Skin Care
U0630,35,Male,82,160,32.0,maintain,5.3,2,22,5,4,2025,18,strength,387,69,3140,37,1,3.3,2,4,4,8,4,high,1,1,1,0,good,Weight Loss Workout,Low Carb,Improve Sleep,None,Skin Care
U0631,48,Female,70,176,22.6,weight_loss,6.0,5,0,5,9,7110,25,strength,471,94,3233,126,4,3.7,4,2,10,2,7,high,5,2,1,3,good,Moderate Workout,Low Carb,None,None,Skin Care
U0632,18,Female,69,185,20.2,stress_relief,5.3,2,23,6,1,11136,9,mixed,298,71,1738,133,0,1.0,3,2,1,4,10,low,26,2,2,3,poor,Moderate Workout,Balanced Diet,Improve Sleep,Relaxation,Hydration
U0633,45,Male,68,154,28.7,maintain,4.6,4,0,7,4,2149,11,strength,406,107,2822,63,0,3.3,2,9,5,2,11,low,26,1,2,4,good,Weight Loss Workout,Low Carb,Improve Sleep,Meditation,Skin Care
U0634,40,Female,73,160,28.5,stress_relief,4.9,5,0,5,10,4800,46,mixed,339,106,2410,73,1,1.9,2,2,10,5,10,low,16,1,2,3,good,Weight Loss Workout,Balanced Diet,Improve Sleep,None,Hydration
U0635,32,Female,99,186,28.6,stress_relief,8.4,4,1,7,4,1675,32,none,161,109,1737,32,4,1.5,2,8,6,4,9,high,5,2,1,2,poor,Weight Loss Workout,High Protein,None,Meditation,Hydration
U0636,21,Female,72,169,25.2,weight_loss,5.1,5,1,8,2,10859,0,cardio,222,74,2193,93,6,3.4,4,6,2,9,5,high,23,2,3,1,good,Weight Loss Workout,Balanced Diet,Improve Sleep,Relaxation,Maintain Routine
U0637,46,Male,69,151,30.3,muscle_gain,5.7,4,22,3,4,1152,52,strength,210,103,1926,136,5,1.0,5,5,2,7,11,high,29,3,5,5,good,Weight Loss Workout,Balanced Diet,Improve Sleep,Relaxation,Hydration
U0638,47,Male,79,173,26.4,weight_loss,4.8,5,23,5,7,8028,15,strength,184,114,2194,33,0,1.2,4,3,5,5,10,low,17,4,5,5,poor,Weight Loss Workout,High Protein,Improve Sleep,None,Hydration
U0639,26,Female,90,154,37.9,weight_loss,4.3,5,0,5,5,3919,44,none,311,79,2184,84,2,2.3,3,6,10,6,8,low,4,1,5,3,poor,Weight Loss Workout,Balanced Diet,Improve Sleep,None,Maintain Routine
U0640,25,Female,70,158,28.0,maintain,4.6,4,22,4,10,1394,36,cardio,480,70,3062,123,2,3.3,2,7,5,2,6,high,27,4,2,5,good,Weight Loss Workout,Low Carb,Improve Sleep,None,Skin Care
U0641,34,Male,63,187,18.0,muscle_gain,8.8,1,23,7,9,5426,44,cardio,254,115,1774,55,4,1.5,5,9,4,7,6,high,4,3,5,2,good,Moderate Workout,Balanced Diet,None,Meditation,Hydration
U0642,25,Male,75,180,23.1,muscle_gain,4.4,1,0,5,8,5722,2,strength,103,95,3295,71,0,2.4,2,1,1,5,9,medium,19,3,3,2,average,Moderate Workout,Low Carb,Improve Sleep,Relaxation,Maintain Routine
U0643,25,Female,59,174,19.5,weight_loss,7.2,1,0,5,7,10623,8,mixed,364,79,1683,128,3,1.9,3,9,6,2,8,low,4,3,2,2,good,Moderate Workout,Balanced Diet,None,Meditation,Hydration
U0644,37,Female,79,186,22.8,muscle_gain,7.6,5,1,6,9,1425,41,strength,295,67,2107,90,5,2.0,4,5,8,3,5,low,7,2,4,0,poor,Light Cardio,Balanced Diet,None,None,Maintain Routine
U0645,41,Male,80,182,24.2,muscle_gain,5.2,3,21,2,10,4379,33,none,266,67,3160,125,2,2.3,5,6,1,6,5,low,20,2,1,4,average,Moderate Workout,Low Carb,Improve Sleep,Relaxation,Skin Care
U0646,19,Female,55,184,16.2,stress_relief,7.8,5,1,7,3,3607,14,none,498,104,3169,140,0,3.8,5,6,3,7,7,medium,5,4,1,0,average,Strength Training,Low Carb,None,Relaxation,Skin Care
U0647,21,Male,94,164,34.9,stress_relief,6.0,4,23,6,9,7671,10,strength,235,92,1573,47,2,3.6,3,3,8,4,6,medium,5,2,5,1,average,Weight Loss Workout,High Protein,None,None,Maintain Routine
U0648,34,Male,98,178,30.9,stress_relief,7.6,2,0,5,9,9260,3,mixed,339,100,2964,60,2,3.2,3,2,1,5,5,medium,23,3,3,1,good,Weight Loss Workout,Low Carb,None,Relaxation,Maintain Routine
U0649,36,Female,64,151,28.1,stress_relief,8.8,5,23,6,8,11733,32,strength,244,105,3077,123,5,2.0,5,1,9,8,4,high,22,5,5,3,good,Weight Loss Workout,Low Carb,Reduce Screen Time,None,Maintain Routine
U0650,38,Female,78,163,29.4,stress_relief,6.6,1,1,9,3,5260,28,cardio,408,91,1623,81,2,2.9,2,7,1,8,5,high,6,1,3,2,good,Weight Loss Workout,Balanced Diet,Reduce Screen Time,Relaxation,Maintain Routine
U0651,39,Female,99,178,31.2,muscle_gain,4.9,5,1,9,10,8413,46,cardio,375,82,2207,50,4,2.2,2,3,3,3,7,medium,5,5,1,5,good,Weight Loss Workout,Balanced Diet,Improve Sleep,Relaxation,Skin Care
U0652,39,Male,82,156,33.7,weight_loss,8.8,1,1,8,7,10587,2,strength,444,92,2028,74,5,1.2,5,6,7,4,11,low,5,3,3,5,good,Weight Loss Workout,Balanced Diet,None,None,Hydration
U0653,25,Male,80,172,27.0,stress_relief,4.3,5,23,7,7,9109,14,mixed,148,65,1878,39,5,2.8,5,1,4,5,4,high,11,2,2,3,average,Weight Loss Workout,High Protein,Improve Sleep,None,Skin Care
U0654,21,Male,93,172,31.4,weight_loss,4.4,5,0,8,3,10026,13,strength,254,110,3032,89,5,3.6,4,3,9,5,10,high,15,1,5,0,poor,Weight Loss Workout,Low Carb,Improve Sleep,None,Maintain Routine
U0655,38,Male,61,167,21.9,stress_relief,6.5,3,0,5,3,3154,5,none,457,74,2722,72,5,2.4,4,2,6,6,11,low,20,2,3,2,good,Light Cardio,Balanced Diet,None,None,Maintain Routine
U0656,46,Male,52,170,18.0,maintain,7.3,3,21,2,1,11715,43,none,386,112,2972,113,3,2.9,3,2,4,9,5,medium,24,4,1,1,good,Moderate Workout,Low Carb,Reduce Screen Time,None,Skin Care
U0657,43,Male,58,159,22.9,maintain,7.8,3,21,4,1,6577,49,none,329,107,2231,143,3,2.5,5,3,4,3,8,low,14,2,1,3,poor,Moderate Workout,Balanced Diet,None,None,Skin Care
U0658,22,Male,57,175,18.6,muscle_gain,5.6,4,21,3,10,8513,34,none,159,90,3182,136,5,3.8,2,6,5,7,8,medium,29,4,4,5,poor,Moderate Workout,Low Carb,Improve Sleep,None,Maintain Routine
U0659,41,Female,73,176,23.6,weight_loss,6.3,4,22,5,6,8735,58,cardio,480,97,3255,86,6,3.4,2,6,9,4,8,medium,27,5,5,2,good,Moderate Workout,Low Carb,None,None,Maintain Routine
U0660,21,Female,81,187,23.2,weight_loss,5.6,1,23,6,10,10806,55,cardio,397,82,2831,131,0,2.4,2,8,5,3,7,medium,1,3,5,0,good,Moderate Workout,Low Carb,Improve Sleep,Meditation,Maintain Routine
U0661,26,Female,63,178,19.9,stress_relief,5.6,5,21,2,9,4331,2,cardio,385,90,2429,112,3,1.2,4,8,9,8,9,high,19,2,1,0,poor,Moderate Workout,Balanced Diet,Improve Sleep,Meditation,Hydration
U0662,37,Female,59,184,17.4,muscle_gain,6.6,3,21,5,1,7162,23,strength,359,95,2088,87,0,3.9,3,3,4,5,5,medium,29,2,3,2,good,Strength Training,Balanced Diet,None,None,Maintain Routine
U0663,27,Female,58,157,23.5,maintain,5.1,3,0,6,5,11792,56,strength,374,98,3339,115,6,1.7,2,10,2,4,10,medium,19,2,3,5,poor,Moderate Workout,Low Carb,Improve Sleep,Meditation,Hydration
U0664,29,Female,72,183,21.5,weight_loss,7.4,5,21,5,6,5326,48,cardio,450,66,3436,128,4,2.3,5,1,4,8,6,low,29,5,4,0,poor,Moderate Workout,Low Carb,Reduce Screen Time,None,Maintain Routine
U0665,42,Female,91,187,26.0,stress_relief,6.6,2,1,8,8,3938,2,strength,125,78,1863,140,3,1.1,5,5,9,7,11,medium,12,4,1,1,good,Weight Loss Workout,Balanced Diet,None,None,Hydration
U0666,35,Male,55,164,20.4,maintain,5.9,5,1,6,8,2264,23,strength,327,90,2826,63,1,3.0,3,8,4,8,7,medium,18,2,4,5,poor,Light Cardio,Low Carb,Improve Sleep,Meditation,Maintain Routine
U0667,31,Female,52,163,19.6,muscle_gain,8.8,1,0,6,4,7348,26,mixed,454,104,2712,85,1,1.5,5,8,3,6,7,medium,1,4,5,0,good,Moderate Workout,Balanced Diet,None,Meditation,Hydration
U0668,27,Male,84,187,24.0,maintain,8.8,5,21,2,10,5333,23,cardio,237,72,3263,102,5,2.6,5,7,3,8,10,high,9,3,2,0,poor,Moderate Workout,Low Carb,Reduce Screen Time,Relaxation,Skin Care
U0669,34,Female,67,188,19.0,maintain,6.8,4,1,7,10,4143,29,strength,229,64,3450,126,5,3.0,4,3,8,8,8,low,5,3,4,5,average,Moderate Workout,Low Carb,Reduce Screen Time,None,Maintain Routine
U0670,49,Female,97,172,32.8,weight_loss,8.6,3,0,8,5,3064,30,strength,493,113,3021,120,1,2.6,3,4,4,2,11,medium,23,3,2,0,good,Weight Loss Workout,Low Carb,None,None,Skin Care
U0671,49,Male,80,175,26.1,muscle_gain,6.8,5,22,4,7,9906,12,none,251,116,1881,58,5,3.3,4,7,5,5,9,medium,29,1,1,1,good,Weight Loss Workout,Balanced Diet,None,None,Skin Care
U0672,46,Male,71,178,22.4,weight_loss,8.7,3,23,4,6,11687,46,mixed,224,65,2588,54,3,3.9,2,3,3,6,4,high,28,1,4,5,poor,Moderate Workout,Balanced Diet,None,Relaxation,Maintain Routine
U0673,18,Male,96,175,31.3,maintain,6.7,3,1,9,10,10754,24,cardio,140,107,2791,39,5,2.5,4,4,9,4,9,medium,14,1,4,4,average,Weight Loss Workout,High Protein,None,None,Maintain Routine
U0674,27,Female,58,159,22.9,stress_relief,5.9,1,0,8,3,5649,11,strength,250,79,2657,82,1,1.4,3,9,10,3,11,low,16,5,4,1,poor,Moderate Workout,Balanced Diet,Improve Sleep,Meditation,Hydration
U0675,34,Male,95,168,33.7,muscle_gain,5.7,2,1,8,7,11876,47,mixed,180,113,2358,36,3,1.9,4,2,6,7,7,high,27,2,4,0,average,Weight Loss Workout,High Protein,Improve Sleep,None,Hydration
U0676,36,Male,83,157,33.7,weight_loss,5.4,3,23,6,10,3699,45,strength,449,119,2477,117,0,1.4,4,10,3,8,6,medium,17,4,4,4,average,Weight Loss Workout,Balanced Diet,Improve Sleep,Meditation,Hydration
U0677,46,Female,75,162,28.6,stress_relief,5.2,5,1,9,3,1981,33,strength,150,99,3294,148,1,1.2,2,8,1,8,10,medium,20,2,1,0,average,Weight Loss Workout,Low Carb,Improve Sleep,Meditation,Hydration
U0678,39,Male,53,153,22.6,muscle_gain,8.6,3,0,5,5,1623,20,mixed,164,85,3155,144,1,1.4,2,2,9,3,4,high,24,2,5,1,average,Light Cardio,Low Carb,None,None,Hydration
U0679,20,Female,90,152,39.0,maintain,5.6,5,23,7,10,6520,0,cardio,221,72,2835,141,4,3.8,3,5,2,4,4,medium,7,1,1,3,average,Weight Loss Workout,Low Carb,Improve Sleep,Relaxation,Skin Care
U0680,25,Male,68,162,25.9,muscle_gain,5.0,4,22,4,2,7092,26,none,408,111,2860,60,6,3.2,5,5,7,3,11,high,17,3,2,4,good,Weight Loss Workout,Low Carb,Improve Sleep,None,Skin Care
U0681,45,Female,69,151,30.3,stress_relief,8.5,5,22,6,7,1732,57,mixed,101,100,1773,78,1,2.7,2,7,2,7,8,high,4,1,2,1,average,Weight Loss Workout,Balanced Diet,None,Relaxation,Skin Care
U0682,27,Female,62,166,22.5,stress_relief,8.4,2,23,7,5,1449,33,none,186,66,2369,93,0,3.8,5,3,9,3,4,medium,7,1,2,3,poor,Light Cardio,Balanced Diet,None,None,Skin Care
U0683,48,Male,53,177,16.9,stress_relief,6.4,2,0,5,2,2838,16,none,137,103,1678,126,3,1.4,3,4,5,2,4,low,5,5,2,0,good,Strength Training,Balanced Diet,None,None,Hydration
U0684,44,Male,75,154,31.6,weight_loss,7.8,5,0,5,2,4898,3,none,318,109,2896,39,4,1.4,3,9,10,7,11,low,14,5,5,4,average,Weight Loss Workout,Low Carb,None,Meditation,Hydration
U0685,31,Male,89,176,28.7,muscle_gain,5.5,1,1,8,2,2321,4,none,297,91,2147,149,6,2.2,3,10,10,6,7,high,27,4,3,4,poor,Weight Loss Workout,Balanced Diet,Improve Sleep,Meditation,Maintain Routine
U0686,35,Male,60,155,25.0,stress_relief,6.6,1,23,6,5,11478,13,cardio,210,83,1516,47,1,2.3,5,9,2,5,11,medium,10,5,4,0,poor,Moderate Workout,High Protein,None,Meditation,Maintain Routine
U0687,27,Female,74,150,32.9,stress_relief,7.4,2,23,5,8,11031,18,strength,425,73,1566,77,0,4.0,4,3,6,9,6,low,6,5,2,0,good,Weight Loss Workout,Balanced Diet,Reduce Screen Time,None,Skin Care
U0688,24,Male,74,153,31.6,weight_loss,8.6,2,1,8,3,2217,55,none,460,99,1823,61,1,2.7,3,2,6,8,7,medium,17,4,3,2,good,Weight Loss Workout,Balanced Diet,Reduce Screen Time,None,Maintain Routine
U0689,37,Male,79,172,26.7,weight_loss,6.7,2,23,4,10,6147,3,none,179,110,2981,131,1,3.0,4,4,3,3,7,high,27,3,4,5,good,Weight Loss Workout,Low Carb,None,Relaxation,Maintain Routine
U0690,42,Female,77,174,25.4,maintain,5.5,5,21,3,5,2237,38,strength,220,65,3341,109,1,3.8,2,10,4,6,11,high,0,3,3,1,good,Weight Loss Workout,Low Carb,Improve Sleep,Meditation,Maintain Routine
U0691,34,Female,82,167,29.4,maintain,8.5,3,1,9,3,10883,27,mixed,301,79,3444,114,5,2.8,3,7,7,2,5,high,23,4,3,3,average,Weight Loss Workout,Low Carb,None,None,Maintain Routine
U0692,33,Male,60,176,19.4,stress_relief,6.7,3,0,7,8,3882,1,mixed,457,107,2191,53,4,1.4,3,4,2,7,5,medium,0,4,2,0,good,Light Cardio,Balanced Diet,None,Relaxation,Hydration
U0693,33,Male,72,176,23.2,muscle_gain,5.2,4,21,2,4,8173,10,none,231,88,3286,39,2,2.9,2,8,8,2,9,low,18,1,5,4,poor,Moderate Workout,Low Carb,Improve Sleep,Meditation,Maintain Routine
U0694,47,Female,90,184,26.6,maintain,6.8,5,23,6,2,9148,11,mixed,352,71,1788,113,0,2.1,5,6,7,2,4,high,9,4,2,5,average,Weight Loss Workout,Balanced Diet,None,None,Skin Care
U0695,41,Female,97,189,27.2,stress_relief,9.0,1,23,5,5,1862,47,none,295,79,2008,92,1,1.8,2,5,6,9,10,high,19,2,4,3,average,Weight Loss Workout,Balanced Diet,Reduce Screen Time,None,Hydration
U0696,19,Female,68,165,25.0,muscle_gain,7.4,4,1,7,1,4948,47,cardio,455,115,1528,89,4,2.1,4,7,1,7,8,medium,9,2,2,2,average,Moderate Workout,Balanced Diet,None,Relaxation,Skin Care
U0697,43,Male,86,158,34.4,stress_relief,7.8,1,23,5,1,6617,43,strength,145,85,2709,57,4,1.2,4,10,2,4,4,medium,18,2,5,4,average,Weight Loss Workout,Balanced Diet,None,Meditation,Hydration
U0698,40,Female,78,173,26.1,stress_relief,5.5,2,21,2,1,7381,13,strength,286,90,3233,78,4,1.7,4,4,5,5,4,high,10,2,1,5,poor,Weight Loss Workout,Low Carb,Improve Sleep,None,Hydration
U0699,31,Male,94,179,29.3,weight_loss,4.9,3,23,7,2,2375,57,cardio,387,112,3083,74,5,1.5,2,5,9,9,4,low,13,3,3,0,average,Weight Loss Workout,Low Carb,Improve Sleep,None,Hydration
U0700,27,Male,60,153,25.6,maintain,6.1,2,23,5,7,9508,30,cardio,368,92,3234,125,6,2.0,5,8,2,3,11,medium,18,1,3,1,average,Weight Loss Workout,Low Carb,None,Meditation,Maintain Routine
U0701,48,Female,65,150,28.9,muscle_gain,6.3,5,21,4,5,11728,33,cardio,444,115,3397,35,6,1.3,5,5,7,6,8,low,3,2,2,2,good,Weight Loss Workout,Low Carb,None,None,Hydration
U0702,44,Male,66,162,25.1,stress_relief,6.8,3,21,3,3,11722,37,strength,281,77,2061,75,6,1.7,4,9,5,4,4,low,26,1,2,3,good,Weight Loss Workout,Balanced Diet,None,Meditation,Hydration
U0703,37,Male,97,151,42.5,maintain,8.3,2,0,8,6,10869,49,strength,389,94,3392,54,5,1.1,5,9,10,8,9,low,20,3,2,3,poor,Weight Loss Workout,Low Carb,Reduce Screen Time,Meditation,Hydration
U0704,19,Female,79,168,28.0,weight_loss,6.9,2,0,8,10,9428,17,none,108,95,1528,45,3,1.6,4,8,2,5,6,medium,2,4,4,5,poor,Weight Loss Workout,High Protein,None,Meditation,Hydration
U0705,18,Male,95,166,34.5,weight_loss,6.2,3,21,5,3,1599,56,none,415,71,2750,108,0,2.1,4,3,7,9,8,medium,7,5,3,0,poor,Weight Loss Workout,Balanced Diet,Reduce Screen Time,None,Maintain Routine
U0706,24,Male,60,172,20.3,muscle_gain,6.1,3,21,2,4,4042,33,strength,374,102,3232,92,4,1.9,5,7,8,6,8,low,25,2,3,3,poor,Moderate Workout,Low Carb,None,None,Hydration
U0707,30,Female,64,189,17.9,weight_loss,7.2,3,1,6,4,11240,10,strength,334,99,2737,128,3,1.4,3,7,8,6,5,medium,15,4,1,5,good,Strength Training,Balanced Diet,None,None,Hydration
U0708,27,Female,63,163,23.7,muscle_gain,5.3,3,21,5,4,6839,32,none,314,70,2635,87,1,1.4,5,2,5,9,8,low,27,2,3,1,good,Moderate Workout,Balanced Diet,Improve Sleep,None,Hydration
U0709,49,Male,51,189,14.3,maintain,7.5,3,1,8,4,10442,40,cardio,487,76,2137,82,4,3.8,4,6,2,2,10,medium,28,2,5,4,poor,Strength Training,Balanced Diet,None,Relaxation,Maintain Routine
U0710,23,Female,65,172,22.0,weight_loss,4.4,1,22,5,8,10023,24,mixed,243,116,2605,106,2,1.7,3,1,5,3,9,low,6,2,4,0,poor,Moderate Workout,Balanced Diet,Improve Sleep,None,Hydration
U0711,48,Male,82,176,26.5,weight_loss,7.6,1,21,4,5,5392,20,cardio,141,115,2802,104,0,3.4,3,8,4,5,11,low,9,4,3,5,poor,Weight Loss Workout,Low Carb,None,Meditation,Maintain Routine
U0712,22,Male,77,167,27.6,maintain,6.7,2,0,6,9,2394,25,strength,313,106,1980,90,2,3.3,4,10,3,9,8,high,1,1,3,5,good,Weight Loss Workout,Balanced Diet,Reduce Screen Time,Meditation,Maintain Routine
U0713,46,Male,77,152,33.3,muscle_gain,4.9,4,1,8,3,8769,24,strength,363,71,2331,147,1,1.3,4,2,7,9,5,low,13,5,1,3,poor,Weight Loss Workout,Balanced Diet,Improve Sleep,None,Hydration
U0714,35,Male,87,150,38.7,weight_loss,5.3,1,23,6,8,5633,29,strength,201,64,1632,90,2,1.7,5,10,10,8,9,low,29,3,4,0,average,Weight Loss Workout,Balanced Diet,Improve Sleep,Meditation,Hydration
U0715,20,Male,91,168,32.2,muscle_gain,5.2,1,21,5,5,2325,41,strength,200,92,3188,71,4,2.7,3,9,3,8,7,low,5,4,1,4,average,Weight Loss Workout,Low Carb,Improve Sleep,Meditation,Skin Care
U0716,32,Female,94,186,27.2,weight_loss,6.9,5,1,7,9,7705,6,strength,477,109,1559,112,3,2.6,2,2,8,4,4,high,0,5,4,1,poor,Weight Loss Workout,Balanced Diet,None,None,Maintain Routine
U0717,38,Female,96,166,34.8,stress_relief,7.0,3,0,7,2,4667,29,mixed,164,83,2483,76,2,1.6,3,6,4,6,4,medium,0,5,4,0,average,Weight Loss Workout,Balanced Diet,None,None,Hydration
U0718,24,Female,93,189,26.0,muscle_gain,7.6,4,1,9,8,4520,8,mixed,485,73,2408,141,1,1.9,5,10,3,5,9,high,4,2,3,1,poor,Weight Loss Workout,Balanced Diet,None,Meditation,Hydration
U0719,36,Female,92,170,31.8,stress_relief,6.1,1,23,4,6,1841,10,cardio,393,61,2556,72,6,2.1,2,4,7,5,11,high,25,1,1,4,good,Weight Loss Workout,Balanced Diet,None,None,Skin Care
U0720,21,Female,71,166,25.8,weight_loss,5.4,1,22,4,6,5701,15,strength,327,94,2657,97,1,2.7,2,9,6,7,11,high,10,5,2,0,poor,Weight Loss Workout,Balanced Diet,Improve Sleep,Meditation,Skin Care
U0721,36,Male,58,173,19.4,maintain,7.8,1,23,6,3,7497,41,none,118,108,3098,145,4,3.1,2,2,1,3,6,low,10,1,2,4,good,Moderate Workout,Low Carb,None,Relaxation,Skin Care
U0722,41,Male,85,161,32.8,maintain,7.4,3,21,5,10,11316,24,strength,408,115,2786,86,6,1.3,4,8,6,2,9,medium,29,4,3,3,good,Weight Loss Workout,Balanced Diet,None,Meditation,Hydration
U0723,37,Male,88,181,26.9,weight_loss,6.5,4,23,5,3,5906,34,mixed,388,95,1961,126,5,2.6,5,1,6,8,10,medium,13,4,2,3,poor,Weight Loss Workout,Balanced Diet,Reduce Screen Time,None,Skin Care
U0724,31,Male,67,162,25.5,maintain,4.2,1,0,7,6,11242,18,mixed,124,70,2008,85,0,2.2,4,1,7,4,9,high,6,1,3,2,average,Weight Loss Workout,Balanced Diet,Improve Sleep,None,Maintain Routine
U0725,43,Male,87,171,29.8,stress_relief,4.5,1,23,4,2,10454,8,none,365,118,2563,83,4,2.4,5,6,9,4,11,high,3,2,5,2,average,Weight Loss Workout,Balanced Diet,Improve Sleep,None,Maintain Routine
U0726,24,Female,93,174,30.7,muscle_gain,8.5,2,21,2,8,9907,50,none,431,111,2337,39,1,3.5,2,7,8,8,11,high,25,4,1,2,poor,Weight Loss Workout,High Protein,Reduce Screen Time,None,Skin Care
U0727,44,Male,76,156,31.2,weight_loss,8.5,2,21,5,6,11636,11,none,100,92,1743,148,5,1.6,5,8,10,2,4,high,6,1,1,4,average,Weight Loss Workout,Balanced Diet,None,Meditation,Hydration
U0728,19,Female,66,164,24.5,weight_loss,7.9,4,23,6,6,1686,38,none,356,73,3259,144,1,2.6,4,1,2,3,8,high,18,1,2,1,poor,Light Cardio,Low Carb,None,Relaxation,Skin Care
U0729,30,Male,57,165,20.9,maintain,4.9,2,21,4,9,2608,47,strength,366,79,3054,129,3,3.6,5,4,5,3,8,high,18,1,5,5,poor,Light Cardio,Low Carb,Improve Sleep,None,Maintain Routine
U0730,48,Female,99,176,32.0,weight_loss,7.7,1,21,4,3,3565,13,none,137,92,1615,131,1,3.7,5,4,7,9,6,high,23,1,4,1,average,Weight Loss Workout,Balanced Diet,Reduce Screen Time,None,Maintain Routine
U0731,19,Female,65,185,19.0,maintain,7.9,3,23,7,8,4264,34,cardio,405,71,1703,114,2,3.5,4,9,1,9,11,medium,21,1,3,2,poor,Moderate Workout,Balanced Diet,Reduce Screen Time,Meditation,Maintain Routine
U0732,45,Male,86,181,26.3,stress_relief,4.1,5,22,6,2,5874,58,mixed,136,68,3393,78,2,2.8,4,5,10,9,11,low,6,3,1,0,average,Weight Loss Workout,Low Carb,Improve Sleep,None,Skin Care
U0733,26,Male,89,171,30.4,maintain,8.0,4,0,5,3,3155,23,mixed,151,107,1794,97,4,1.1,2,1,2,7,7,medium,10,5,3,1,good,Weight Loss Workout,Balanced Diet,None,Relaxation,Hydration
U0734,24,Female,61,165,22.4,weight_loss,7.1,5,1,8,9,11540,25,cardio,249,110,2661,36,0,1.4,4,10,10,6,10,low,11,4,5,2,average,Moderate Workout,High Protein,None,Meditation,Hydration
U0735,29,Female,89,162,33.9,stress_relief,5.7,4,23,5,9,9945,42,mixed,310,90,2246,143,2,2.0,3,3,4,8,11,medium,9,5,5,2,average,Weight Loss Workout,Balanced Diet,Improve Sleep,None,Maintain Routine
U0736,25,Female,68,188,19.2,muscle_gain,4.7,1,1,6,6,7170,22,none,367,80,2511,95,4,1.3,3,2,6,9,5,low,6,5,2,2,good,Moderate Workout,Balanced Diet,Improve Sleep,None,Hydration
U0737,22,Male,96,178,30.3,weight_loss,6.9,1,23,6,8,5329,59,strength,287,117,2270,63,4,3.7,4,5,5,9,4,medium,17,4,3,4,poor,Weight Loss Workout,Balanced Diet,Reduce Screen Time,None,Maintain Routine
U0738,26,Male,74,182,22.3,muscle_gain,5.2,5,0,8,6,10703,33,none,446,68,3360,34,0,3.3,3,4,7,3,11,low,0,3,1,4,good,Moderate Workout,Low Carb,Improve Sleep,None,Skin Care
U0739,47,Male,57,156,23.4,maintain,9.0,1,21,4,6,7589,49,mixed,293,63,2359,126,2,2.4,2,4,5,7,9,low,27,3,4,5,good,Moderate Workout,Balanced Diet,None,None,Maintain Routine
U0740,38,Male,62,152,26.8,stress_relief,8.1,3,1,9,5,4375,13,none,196,70,2728,94,1,1.7,5,5,9,6,8,high,29,2,3,4,average,Weight Loss Workout,Balanced Diet,None,None,Hydration
U0741,44,Female,73,157,29.6,maintain,5.5,1,22,3,9,11505,9,strength,143,113,3033,77,6,3.0,2,8,5,9,5,high,14,2,1,5,average,Weight Loss Workout,Low Carb,Improve Sleep,Meditation,Skin Care
U0742,35,Female,56,184,16.5,weight_loss,7.9,1,0,8,4,3523,21,none,491,91,2492,42,2,1.7,2,6,7,3,8,medium,3,1,3,5,average,Strength Training,High Protein,None,None,Hydration
U0743,42,Male,99,155,41.2,weight_loss,7.7,5,22,5,3,5302,7,mixed,469,118,2416,94,4,1.6,5,3,1,5,4,low,16,3,2,5,poor,Weight Loss Workout,Balanced Diet,None,Relaxation,Hydration
U0744,19,Female,61,176,19.7,weight_loss,7.9,5,1,8,3,1189,40,cardio,414,99,2000,78,0,3.6,5,7,8,6,8,medium,11,5,2,5,poor,Light Cardio,Balanced Diet,None,None,Skin Care
U0745,45,Female,73,166,26.5,weight_loss,7.8,2,23,7,6,11101,7,cardio,106,85,3048,109,5,2.6,5,9,6,9,10,low,4,3,4,3,poor,Weight Loss Workout,Low Carb,Reduce Screen Time,Meditation,Maintain Routine
U0746,41,Female,58,175,18.9,weight_loss,8.9,4,1,8,6,5841,9,mixed,478,92,2347,129,5,3.6,3,2,10,5,7,low,0,2,2,4,average,Moderate Workout,Balanced Diet,None,None,Skin Care
U0747,32,Female,50,185,14.6,maintain,6.0,3,22,4,1,2098,23,strength,241,73,2722,52,2,1.1,5,8,2,8,6,medium,18,4,3,4,average,Strength Training,Balanced Diet,Reduce Screen Time,Meditation,Hydration
U0748,46,Female,56,156,23.0,muscle_gain,8.6,2,0,6,9,5197,29,cardio,164,60,2452,91,3,2.4,3,3,6,7,6,low,12,3,5,1,average,Moderate Workout,Balanced Diet,None,None,Maintain Routine
U0749,41,Female,81,166,29.4,maintain,4.9,5,1,9,10,2249,15,cardio,427,88,2703,75,0,2.6,3,3,2,6,5,low,28,1,2,0,poor,Weight Loss Workout,Balanced Diet,Improve Sleep,Relaxation,Skin Care
U0750,24,Female,57,154,24.0,stress_relief,8.4,2,22,3,9,6868,15,cardio,237,101,1631,73,2,2.3,2,7,3,8,11,high,8,1,4,2,poor,Moderate Workout,Balanced Diet,Reduce Screen Time,Relaxation,Maintain Routine
U0751,21,Female,75,165,27.5,weight_loss,6.5,5,21,2,6,9410,51,strength,182,98,1640,107,6,1.6,3,4,7,6,9,low,9,4,1,5,good,Weight Loss Workout,Balanced Diet,None,None,Hydration
U0752,45,Female,53,166,19.2,weight_loss,8.5,3,1,6,9,5807,34,strength,388,71,2353,106,1,2.6,4,5,9,4,4,low,27,4,3,3,good,Moderate Workout,Balanced Diet,None,None,Maintain Routine
U0753,28,Male,65,156,26.7,maintain,8.5,1,1,7,3,10018,47,mixed,245,83,2856,126,1,2.9,5,6,8,5,9,medium,10,3,2,3,good,Weight Loss Workout,Low Carb,None,None,Skin Care
U0754,24,Female,89,177,28.4,stress_relief,7.8,4,0,8,9,3699,15,cardio,148,95,2585,113,1,2.5,3,6,8,2,8,low,16,2,2,4,poor,Weight Loss Workout,Balanced Diet,None,None,Skin Care
U0755,24,Male,62,185,18.1,stress_relief,6.2,3,22,5,2,5591,2,mixed,434,76,2379,81,6,2.7,3,1,6,6,8,low,2,3,3,2,good,Moderate Workout,Balanced Diet,None,None,Maintain Routine
U0756,36,Female,90,170,31.1,stress_relief,6.3,5,21,2,7,5904,27,none,308,94,3203,51,4,1.4,2,10,2,4,7,medium,16,3,4,0,good,Weight Loss Workout,Low Carb,None,Meditation,Hydration
U0757,43,Male,88,177,28.1,weight_loss,5.0,5,0,8,10,2419,55,cardio,219,84,2676,146,3,1.2,4,8,10,8,5,high,11,3,4,0,average,Weight Loss Workout,Balanced Diet,Improve Sleep,Meditation,Hydration
U0758,30,Female,81,182,24.5,maintain,4.9,4,22,4,2,4980,28,mixed,457,71,2327,89,4,2.0,2,7,8,9,5,medium,15,1,4,5,average,Moderate Workout,Balanced Diet,Improve Sleep,None,Maintain Routine
U0759,38,Female,75,169,26.3,maintain,5.5,2,1,8,2,9800,52,cardio,419,79,1816,86,4,3.0,3,8,5,8,11,high,13,4,5,4,average,Weight Loss Workout,Balanced Diet,Improve Sleep,Meditation,Maintain Routine
U0760,27,Female,79,179,24.7,stress_relief,6.2,5,21,3,2,2717,12,none,257,77,1553,129,4,3.1,5,4,3,8,10,low,15,4,1,0,good,Light Cardio,Balanced Diet,Reduce Screen Time,Relaxation,Skin Care
U0761,47,Male,62,188,17.5,stress_relief,6.9,1,0,7,5,3878,20,strength,123,106,2448,124,2,3.4,5,2,8,9,10,high,27,1,5,4,average,Strength Training,Balanced Diet,Reduce Screen Time,None,Maintain Routine
U0762,40,Male,82,186,23.7,maintain,8.2,4,21,4,1,10436,7,mixed,225,85,3319,127,1,2.6,2,6,9,8,9,high,21,5,3,3,good,Moderate Workout,Low Carb,Reduce Screen Time,None,Maintain Routine
U0763,32,Female,81,158,32.4,maintain,7.8,1,21,2,3,3407,27,none,196,105,1500,67,4,3.0,4,10,10,7,5,high,27,5,5,3,average,Weight Loss Workout,Balanced Diet,None,Meditation,Maintain Routine
U0764,28,Male,81,163,30.5,maintain,5.3,1,21,2,1,2568,50,none,297,119,2666,129,0,3.1,2,1,7,2,4,medium,14,5,1,1,average,Weight Loss Workout,Balanced Diet,Improve Sleep,None,Skin Care
U0765,35,Female,50,189,14.0,maintain,5.4,4,22,5,5,8612,10,none,318,63,2597,132,0,3.4,5,1,8,8,4,low,10,3,2,2,poor,Strength Training,Balanced Diet,Improve Sleep,None,Skin Care
U0766,34,Female,71,152,30.7,maintain,6.9,2,21,4,4,6546,54,strength,154,95,2254,50,2,3.7,5,8,2,5,6,high,6,2,1,1,good,Weight Loss Workout,Balanced Diet,None,Meditation,Skin Care
U0767,23,Male,73,156,30.0,weight_loss,5.2,2,22,6,1,5680,48,cardio,295,87,2098,82,3,1.1,4,10,7,5,5,medium,15,1,5,0,poor,Weight Loss Workout,Balanced Diet,Improve Sleep,Meditation,Hydration
U0768,42,Female,73,157,29.6,stress_relief,4.6,4,22,6,4,6061,2,strength,466,99,1517,85,6,2.9,3,10,5,6,11,high,26,4,5,5,poor,Weight Loss Workout,Balanced Diet,Improve Sleep,Meditation,Maintain Routine
U0769,32,Male,75,184,22.2,maintain,8.3,3,1,7,7,11659,48,strength,238,97,2385,63,0,3.7,3,2,6,6,7,medium,28,5,2,1,good,Moderate Workout,Balanced Diet,None,None,Skin Care
U0770,26,Female,62,170,21.5,muscle_gain,4.2,4,22,4,1,8859,33,strength,134,98,1602,62,6,2.5,3,2,8,4,5,high,12,5,3,1,average,Moderate Workout,Balanced Diet,Improve Sleep,None,Maintain Routine
U0771,28,Female,93,183,27.8,maintain,7.6,1,23,7,8,6136,4,mixed,265,77,2805,124,4,3.1,4,10,1,6,5,high,11,1,1,0,good,Weight Loss Workout,Low Carb,None,Meditation,Skin Care
U0772,40,Male,57,180,17.6,muscle_gain,6.2,2,1,7,3,7546,12,none,423,78,2061,54,5,2.0,4,4,4,9,10,high,6,2,2,2,good,Strength Training,Balanced Diet,Reduce Screen Time,None,Skin Care
U0773,32,Male,81,185,23.7,stress_relief,4.8,4,23,6,10,2768,16,strength,179,98,1754,47,6,3.2,4,5,6,8,8,low,24,3,5,3,poor,Light Cardio,High Protein,Improve Sleep,None,Maintain Routine
U0774,39,Female,99,153,42.3,maintain,6.0,5,23,7,9,3632,54,cardio,294,84,3380,105,4,3.8,5,1,10,6,9,medium,3,2,2,3,good,Weight Loss Workout,Low Carb,None,None,Skin Care
U0775,29,Female,64,158,25.6,weight_loss,8.8,4,0,8,8,9781,21,mixed,128,91,2990,148,2,2.6,4,5,4,4,11,medium,2,2,5,0,average,Weight Loss Workout,Low Carb,None,None,Maintain Routine
U0776,32,Female,94,154,39.6,maintain,6.7,3,21,4,7,9254,4,mixed,220,85,2763,110,2,1.8,5,3,6,6,10,low,0,5,5,5,average,Weight Loss Workout,Balanced Diet,None,None,Hydration
U0777,19,Male,99,164,36.8,weight_loss,6.8,4,1,7,4,9787,4,strength,435,84,1543,54,5,1.2,4,3,6,3,7,high,21,3,2,0,average,Weight Loss Workout,Balanced Diet,None,None,Hydration
U0778,34,Female,85,180,26.2,maintain,4.9,5,22,4,1,1185,45,cardio,228,80,2329,93,6,3.9,5,1,5,7,9,low,18,2,4,3,good,Weight Loss Workout,Balanced Diet,Improve Sleep,None,Maintain Routine
U0779,37,Female,78,154,32.9,maintain,6.0,1,0,5,9,7084,35,cardio,339,93,2709,77,1,1.2,2,1,3,8,9,high,9,1,4,0,poor,Weight Loss Workout,Balanced Diet,Reduce Screen Time,Relaxation,Hydration
U0780,42,Male,73,163,27.5,maintain,6.9,1,0,6,1,11019,30,none,117,108,1633,121,6,2.6,5,9,2,8,10,medium,24,1,5,0,poor,Weight Loss Workout,Balanced Diet,Reduce Screen Time,Meditation,Maintain Routine
U0781,26,Female,87,151,38.2,weight_loss,4.2,1,1,9,7,4239,25,strength,262,82,1951,88,1,3.2,5,7,7,9,5,high,18,2,1,1,average,Weight Loss Workout,Balanced Diet,Improve Sleep,None,Skin Care
U0782,39,Male,81,173,27.1,muscle_gain,7.8,1,0,7,7,6193,56,strength,434,119,3442,149,3,1.4,3,1,8,4,9,low,1,5,3,0,good,Weight Loss Workout,Low Carb,None,None,Hydration
U0783,20,Female,97,189,27.2,muscle_gain,6.4,1,21,3,3,3033,2,mixed,487,70,1732,62,3,3.8,4,9,6,4,4,high,28,4,5,4,good,Weight Loss Workout,Balanced Diet,None,Meditation,Maintain Routine
U0784,34,Female,89,178,28.1,muscle_gain,6.8,4,1,8,10,9287,40,cardio,486,81,1654,84,2,1.5,4,10,7,8,7,low,25,2,3,5,poor,Weight Loss Workout,Balanced Diet,Reduce Screen Time,Meditation,Hydration
U0785,39,Male,50,156,20.5,muscle_gain,8.4,3,23,6,4,6125,56,strength,149,107,1645,131,2,2.9,3,7,4,5,5,high,11,4,4,3,average,Moderate Workout,Balanced Diet,None,None,Maintain Routine
U0786,33,Female,98,166,35.6,maintain,8.4,5,21,2,9,2607,16,mixed,243,118,3319,80,0,2.4,3,6,4,6,11,high,8,2,3,4,poor,Weight Loss Workout,Low Carb,None,None,Maintain Routine
U0787,27,Female,76,151,33.3,stress_relief,9.0,1,22,4,1,7917,38,none,373,68,3363,118,6,3.0,5,4,8,2,11,high,11,1,5,1,poor,Weight Loss Workout,Low Carb,None,None,Maintain Routine
U0788,48,Female,66,150,29.3,stress_relief,8.2,4,1,7,10,8717,43,none,173,113,2380,127,2,3.2,5,9,2,9,4,medium,24,1,2,1,poor,Weight Loss Workout,Balanced Diet,Reduce Screen Time,Meditation,Skin Care
U0789,26,Female,52,157,21.1,weight_loss,7.5,1,0,8,7,4948,7,none,450,104,2832,138,6,3.7,4,9,6,4,6,medium,29,2,1,4,average,Moderate Workout,Low Carb,None,Meditation,Skin Care
U0790,29,Male,60,172,20.3,weight_loss,8.3,1,21,4,9,7411,10,cardio,265,87,2531,103,0,3.4,2,2,9,2,7,high,20,2,3,0,good,Moderate Workout,Balanced Diet,None,None,Maintain Routine
U0791,45,Female,68,164,25.3,stress_relief,6.6,4,21,5,5,6834,1,mixed,391,64,2075,36,5,4.0,3,8,4,5,10,high,0,5,1,0,average,Weight Loss Workout,High Protein,None,Meditation,Skin Care
U0792,49,Male,65,151,28.5,stress_relief,4.8,5,21,4,1,6184,59,mixed,142,88,2540,97,4,3.8,5,5,6,3,8,high,13,1,4,5,average,Weight Loss Workout,Balanced Diet,Improve Sleep,None,Maintain Routine
U0793,21,Male,72,174,23.8,maintain,7.7,5,23,6,2,2472,11,mixed,182,68,2423,107,3,3.3,3,9,6,2,8,medium,24,5,4,0,good,Light Cardio,Balanced Diet,None,Meditation,Maintain Routine
U0794,19,Female,66,185,19.3,muscle_gain,4.2,3,22,5,9,7638,44,cardio,229,78,2859,136,3,1.9,3,2,10,7,6,medium,18,2,5,1,average,Moderate Workout,Low Carb,Improve Sleep,None,Hydration
U0795,48,Male,88,174,29.1,stress_relief,6.8,1,22,4,9,10180,5,strength,148,103,1918,120,4,2.4,3,3,9,3,7,medium,17,3,5,2,good,Weight Loss Workout,Balanced Diet,None,None,Maintain Routine
U0796,33,Female,60,162,22.9,muscle_gain,8.4,4,1,9,4,2208,53,cardio,310,96,2512,43,6,1.1,5,6,3,3,4,high,22,4,4,0,average,Light Cardio,High Protein,None,Relaxation,Hydration
U0797,48,Male,74,188,20.9,muscle_gain,7.2,5,0,5,3,1132,0,mixed,394,106,3078,111,5,1.8,2,7,4,5,8,low,29,5,1,2,average,Light Cardio,Low Carb,None,None,Hydration
U0798,25,Female,74,167,26.5,stress_relief,8.4,2,21,3,7,6690,41,none,343,118,2916,83,5,3.5,2,5,8,8,6,low,13,2,2,4,poor,Weight Loss Workout,Low Carb,Reduce Screen Time,None,Skin Care
U0799,44,Male,55,160,21.5,muscle_gain,7.8,5,23,6,8,8720,55,none,436,62,3325,105,5,1.9,5,8,2,4,9,high,23,1,5,2,poor,Moderate Workout,Low Carb,None,Meditation,Hydration
U0800,19,Female,97,182,29.3,muscle_gain,8.7,1,23,5,3,6802,58,mixed,296,111,2084,76,4,3.4,5,8,8,9,7,low,16,2,4,1,average,Weight Loss Workout,Balanced Diet,Reduce Screen Time,Meditation,Maintain Routine
U0801,28,Female,79,179,24.7,maintain,7.8,1,23,4,7,5014,19,cardio,358,106,2825,133,3,3.3,3,8,7,4,5,low,17,5,5,1,poor,Moderate Workout,Low Carb,None,Meditation,Maintain Routine
U0802,19,Male,63,180,19.4,muscle_gain,6.7,5,23,4,9,11515,34,strength,178,83,1932,86,3,2.9,5,3,3,7,4,high,3,1,4,3,poor,Moderate Workout,Balanced Diet,None,Relaxation,Maintain Routine
U0803,36,Female,66,165,24.2,muscle_gain,8.4,1,0,6,6,4590,13,none,111,105,1632,34,3,1.3,3,10,1,2,10,medium,23,1,3,1,poor,Moderate Workout,High Protein,None,Meditation,Hydration
U0804,39,Female,99,178,31.2,stress_relief,7.4,2,21,4,9,3374,58,mixed,435,85,2494,110,6,3.4,4,9,4,3,6,low,28,3,3,1,poor,Weight Loss Workout,Balanced Diet,None,Meditation,Maintain Routine
U0805,47,Male,69,186,19.9,weight_loss,7.1,1,23,5,7,6387,11,none,499,84,3441,120,3,3.2,2,4,1,2,9,high,17,1,3,1,poor,Moderate Workout,Low Carb,None,Relaxation,Maintain Routine
U0806,33,Female,83,174,27.4,stress_relief,8.0,5,0,7,4,8733,23,mixed,296,98,2465,138,3,3.2,3,4,1,6,11,high,4,3,3,0,good,Weight Loss Workout,Balanced Diet,None,Relaxation,Maintain Routine
U0807,40,Male,69,176,22.3,muscle_gain,8.7,4,1,8,9,8930,2,strength,334,69,2460,78,3,2.3,3,1,2,3,10,low,23,4,2,2,average,Moderate Workout,Balanced Diet,None,Relaxation,Skin Care
U0808,22,Male,62,173,20.7,stress_relief,5.6,1,22,5,10,5135,47,cardio,439,63,1607,89,1,3.8,3,6,6,7,9,medium,26,2,4,1,average,Moderate Workout,Balanced Diet,Improve Sleep,None,Maintain Routine
U0809,25,Male,69,178,21.8,weight_loss,8.0,4,21,4,4,1668,13,cardio,368,88,1981,120,6,2.5,2,5,7,4,9,medium,14,5,5,4,good,Light Cardio,Balanced Diet,None,None,Maintain Routine
U0810,41,Female,79,180,24.4,stress_relief,4.2,1,23,7,10,3577,35,mixed,245,79,3349,61,4,3.8,3,7,1,5,4,medium,3,4,5,3,good,Light Cardio,Low Carb,Improve Sleep,Relaxation,Maintain Routine
U0811,48,Female,52,177,16.6,muscle_gain,5.3,5,0,5,6,9215,36,cardio,278,95,2369,74,6,1.9,2,9,10,4,10,low,26,5,3,3,average,Strength Training,Balanced Diet,Improve Sleep,Meditation,Hydration
U0812,43,Male,58,166,21.0,weight_loss,4.2,1,1,9,9,9808,33,none,127,107,2494,45,4,2.8,3,6,2,7,9,medium,5,4,5,5,good,Moderate Workout,High Protein,Improve Sleep,Relaxation,Maintain Routine
U0813,24,Male,82,161,31.6,stress_relief,4.8,2,22,4,8,4777,3,strength,319,87,2996,119,4,3.4,3,2,5,5,8,high,0,4,2,2,poor,Weight Loss Workout,Low Carb,Improve Sleep,None,Skin Care
U0814,39,Female,69,165,25.3,muscle_gain,8.7,5,0,7,10,9519,5,cardio,215,81,3041,147,0,3.0,2,7,1,6,4,low,12,5,5,5,poor,Weight Loss Workout,Low Carb,None,Relaxation,Maintain Routine
U0815,26,Male,99,170,34.3,muscle_gain,6.9,2,22,6,7,3562,0,none,348,96,3362,32,3,1.0,4,4,2,7,8,high,20,2,3,5,average,Weight Loss Workout,Low Carb,None,Relaxation,Hydration
U0816,37,Female,68,182,20.5,muscle_gain,7.4,5,21,5,9,2128,16,strength,400,72,3034,131,6,1.3,5,10,8,9,9,low,2,2,2,5,poor,Light Cardio,Low Carb,Reduce Screen Time,Meditation,Hydration
U0817,23,Male,97,152,42.0,weight_loss,5.2,2,0,8,1,5385,15,mixed,490,77,2081,143,3,1.1,4,9,4,7,8,low,6,3,3,2,poor,Weight Loss Workout,Balanced Diet,Improve Sleep,Meditation,Hydration
U0818,37,Male,67,185,19.6,muscle_gain,8.0,1,22,3,8,6696,0,none,480,119,3060,120,1,2.1,5,1,1,9,5,medium,9,2,5,0,good,Moderate Workout,Low Carb,Reduce Screen Time,Relaxation,Maintain Routine
U0819,19,Male,55,183,16.4,maintain,4.5,3,0,7,3,6835,49,mixed,357,70,2695,130,2,2.7,5,6,9,4,8,medium,3,1,4,1,poor,Strength Training,Balanced Diet,Improve Sleep,None,Maintain Routine
U0820,31,Male,54,182,16.3,stress_relief,5.4,5,1,7,6,8732,17,mixed,479,101,2570,60,5,3.1,4,10,3,2,8,high,26,4,3,3,good,Strength Training,Balanced Diet,Improve Sleep,Meditation,Maintain Routine
U0821,32,Female,98,189,27.4,weight_loss,7.9,2,23,6,8,1434,35,strength,154,94,2815,141,3,3.5,2,4,5,2,10,low,15,4,1,0,poor,Weight Loss Workout,Low Carb,None,None,Skin Care
U0822,23,Male,89,153,38.0,stress_relief,6.7,1,1,7,2,8926,9,none,212,83,2792,58,1,1.6,4,10,7,3,11,low,13,3,5,1,good,Weight Loss Workout,Balanced Diet,None,Meditation,Hydration
U0823,38,Female,64,152,27.7,stress_relief,4.7,2,21,2,6,9353,40,strength,246,113,2349,66,1,3.1,4,3,5,7,8,high,9,1,4,3,poor,Weight Loss Workout,Balanced Diet,Improve Sleep,None,Maintain Routine
U0824,49,Female,75,164,27.9,muscle_gain,8.1,3,22,3,6,1313,25,mixed,483,80,1776,101,0,1.7,2,9,6,8,10,medium,16,1,4,5,poor,Weight Loss Workout,Balanced Diet,Reduce Screen Time,Meditation,Hydration
U0825,37,Female,55,161,21.2,stress_relief,4.7,5,1,8,2,2287,9,none,163,101,2054,38,5,3.8,2,4,2,4,4,low,0,4,3,0,average,Light Cardio,High Protein,Improve Sleep,Relaxation,Maintain Routine
U0826,44,Male,51,156,21.0,maintain,4.6,4,21,4,10,10257,50,none,140,80,1623,86,5,2.5,5,8,10,8,10,medium,29,1,5,4,average,Moderate Workout,Balanced Diet,Improve Sleep,Meditation,Maintain Routine
U0827,34,Male,73,174,24.1,muscle_gain,5.7,2,22,5,10,10467,2,strength,191,61,1649,100,3,3.2,4,4,6,2,7,high,29,2,4,1,good,Moderate Workout,Balanced Diet,Improve Sleep,None,Maintain Routine
U0828,36,Female,64,167,22.9,weight_loss,5.5,5,1,9,6,4477,51,none,372,110,2264,74,6,2.8,4,6,5,3,4,low,17,1,4,5,poor,Moderate Workout,Balanced Diet,Improve Sleep,None,Maintain Routine
U0829,42,Male,89,189,24.9,maintain,7.7,3,21,4,4,6022,16,mixed,202,117,3121,64,5,2.7,4,8,5,3,5,medium,1,1,3,4,poor,Moderate Workout,Low Carb,None,Meditation,Maintain Routine
U0830,23,Female,54,151,23.7,maintain,8.4,5,0,7,5,2014,4,strength,357,99,2304,147,0,3.9,4,4,9,7,11,medium,25,5,4,3,good,Light Cardio,Balanced Diet,None,None,Maintain Routine
U0831,49,Male,91,153,38.9,weight_loss,8.5,3,21,3,7,3226,29,strength,224,79,1666,52,0,2.9,4,7,6,3,11,high,22,2,5,0,poor,Weight Loss Workout,Balanced Diet,None,None,Maintain Routine
U0832,24,Female,98,168,34.7,stress_relief,5.0,5,1,7,3,8288,49,none,470,119,1535,55,0,1.6,5,9,8,3,8,high,5,3,4,5,average,Weight Loss Workout,Balanced Diet,Improve Sleep,Meditation,Hydration
U0833,38,Female,83,158,33.2,maintain,7.2,1,0,8,5,9616,21,mixed,165,75,3499,82,5,1.0,4,8,4,8,9,medium,16,2,5,3,good,Weight Loss Workout,Low Carb,Reduce Screen Time,Meditation,Hydration
U0834,27,Male,51,150,22.7,weight_loss,7.8,5,23,4,8,9541,43,strength,426,101,3341,147,5,2.1,2,1,2,7,6,medium,20,1,3,1,average,Moderate Workout,Low Carb,None,Relaxation,Maintain Routine
U0835,20,Female,70,182,21.1,stress_relief,7.8,2,21,3,10,8972,29,none,324,70,2448,70,4,1.7,4,2,10,2,7,medium,4,3,2,3,average,Moderate Workout,Balanced Diet,None,None,Hydration
U0836,21,Female,53,160,20.7,maintain,5.7,3,22,5,6,8860,5,cardio,120,119,2193,85,3,1.8,5,4,7,3,11,medium,13,4,5,3,poor,Moderate Workout,Balanced Diet,Improve Sleep,None,Hydration
U0837,32,Male,62,189,17.4,muscle_gain,5.3,1,21,5,10,9972,32,strength,456,97,2524,68,2,3.3,5,9,6,2,4,medium,21,4,1,5,poor,Strength Training,Balanced Diet,Improve Sleep,Meditation,Skin Care
U0838,18,Male,93,150,41.3,weight_loss,5.5,2,21,2,8,11234,9,strength,202,119,2609,66,3,1.2,3,10,10,2,8,low,14,4,4,5,poor,Weight Loss Workout,Balanced Diet,Improve Sleep,Meditation,Hydration
U0839,49,Male,82,187,23.4,muscle_gain,7.0,4,1,8,10,2552,33,mixed,251,69,1615,59,2,1.4,2,3,8,6,7,medium,11,3,5,3,poor,Light Cardio,Balanced Diet,None,None,Hydration
U0840,36,Female,56,177,17.9,stress_relief,4.4,2,22,5,4,11690,48,strength,286,106,2913,119,3,3.4,4,4,4,3,5,high,17,4,3,3,poor,Strength Training,Low Carb,Improve Sleep,None,Maintain Routine
U0841,40,Male,88,157,35.7,muscle_gain,6.0,1,21,3,3,11068,56,mixed,369,117,1794,45,1,2.4,3,4,5,7,8,low,3,4,4,2,average,Weight Loss Workout,High Protein,None,None,Maintain Routine
U0842,18,Female,88,167,31.6,stress_relief,8.4,4,22,5,3,5006,37,none,297,67,1603,115,0,1.3,4,8,5,6,6,high,27,4,3,4,average,Weight Loss Workout,Balanced Diet,None,Meditation,Hydration
U0843,29,Female,63,155,26.2,maintain,8.6,2,0,5,9,5898,53,strength,436,110,3193,73,6,2.1,4,7,6,6,10,medium,24,4,4,5,good,Weight Loss Workout,Low Carb,None,None,Maintain Routine
U0844,27,Male,54,172,18.3,muscle_gain,4.5,1,23,4,10,5228,14,none,205,67,2195,102,2,3.4,3,2,3,6,6,medium,26,1,2,2,average,Moderate Workout,Balanced Diet,Improve Sleep,Relaxation,Skin Care
U0845,20,Female,81,151,35.5,stress_relief,4.9,2,21,4,9,7881,10,strength,396,66,2580,75,2,1.8,5,7,10,6,9,low,0,2,3,5,poor,Weight Loss Workout,Balanced Diet,Improve Sleep,None,Hydration
U0846,26,Male,80,155,33.3,weight_loss,7.2,4,1,9,5,9346,40,mixed,371,94,2943,85,2,4.0,2,9,5,3,4,high,22,3,3,1,poor,Weight Loss Workout,Low Carb,None,Meditation,Maintain Routine
U0847,42,Male,62,188,17.5,stress_relief,5.0,1,21,2,4,1354,5,strength,223,75,3080,121,0,3.1,4,4,9,8,8,low,22,3,3,3,poor,Strength Training,Low Carb,Improve Sleep,None,Maintain Routine
U0848,25,Female,66,174,21.8,muscle_gain,6.8,3,0,5,2,10757,46,strength,326,111,2303,83,0,1.4,5,7,6,8,6,low,22,4,5,5,average,Moderate Workout,Balanced Diet,Reduce Screen Time,None,Hydration
U0849,42,Male,65,161,25.1,weight_loss,5.3,1,1,8,8,4348,1,mixed,333,66,2789,86,3,2.4,5,3,3,3,5,medium,18,3,2,2,average,Weight Loss Workout,Balanced Diet,Improve Sleep,Relaxation,Skin Care
U0850,19,Female,64,172,21.6,muscle_gain,7.4,3,21,3,1,8546,15,mixed,122,97,2685,127,1,1.5,4,1,4,4,11,high,17,4,1,4,poor,Moderate Workout,Balanced Diet,None,None,Hydration
U0851,46,Male,60,169,21.0,maintain,5.8,1,22,4,10,9623,34,mixed,446,81,2513,53,1,3.6,5,1,9,5,7,low,2,5,1,5,poor,Moderate Workout,Balanced Diet,Improve Sleep,None,Skin Care
U0852,18,Female,61,179,19.0,muscle_gain,7.0,5,23,7,2,9099,29,none,309,78,2498,97,5,2.2,5,6,4,3,10,high,25,5,4,4,good,Moderate Workout,Balanced Diet,None,None,Maintain Routine
U0853,39,Female,83,174,27.4,stress_relief,6.7,4,0,5,6,7198,16,cardio,151,104,3288,42,1,3.5,3,2,2,8,6,low,10,4,1,2,average,Weight Loss Workout,Low Carb,Reduce Screen Time,Relaxation,Skin Care
U0854,33,Female,62,161,23.9,weight_loss,8.4,5,23,6,10,6710,44,none,331,96,1661,45,6,2.6,2,6,8,9,9,low,16,1,2,3,good,Moderate Workout,High Protein,Reduce Screen Time,None,Skin Care
U0855,35,Female,99,150,44.0,maintain,8.3,4,23,6,9,2274,18,strength,279,105,2751,136,2,2.3,4,10,2,5,9,medium,5,5,1,5,poor,Weight Loss Workout,Balanced Diet,None,Meditation,Skin Care
U0856,34,Female,85,161,32.8,stress_relief,4.4,2,22,6,7,6385,38,none,127,77,2436,147,1,2.8,2,1,4,5,9,low,12,4,4,0,poor,Weight Loss Workout,Balanced Diet,Improve Sleep,None,Maintain Routine
U0857,36,Female,55,155,22.9,weight_loss,5.9,1,21,2,3,9720,53,mixed,271,91,1918,107,0,1.6,2,8,2,9,7,low,15,4,2,3,poor,Moderate Workout,Balanced Diet,Improve Sleep,Meditation,Hydration
U0858,21,Female,85,164,31.6,stress_relief,6.9,4,21,2,3,1136,1,none,216,103,1931,98,1,3.2,3,7,8,9,9,low,29,1,3,0,good,Weight Loss Workout,Balanced Diet,Reduce Screen Time,None,Maintain Routine
U0859,43,Female,51,174,16.8,weight_loss,9.0,1,23,4,1,5510,9,strength,202,84,1857,66,5,2.3,5,1,8,4,5,high,22,5,3,3,poor,Strength Training,Balanced Diet,None,None,Maintain Routine
U0860,32,Male,84,151,36.8,maintain,7.1,1,22,5,1,10262,11,none,330,102,2863,58,2,3.3,5,5,2,8,9,medium,25,4,2,4,poor,Weight Loss Workout,Low Carb,Reduce Screen Time,Relaxation,Skin Care
U0861,29,Female,71,180,21.9,weight_loss,7.5,3,22,3,7,4636,27,cardio,299,70,2954,74,1,3.9,2,6,3,8,8,low,23,5,4,3,poor,Moderate Workout,Low Carb,Reduce Screen Time,Relaxation,Maintain Routine
U0862,49,Male,81,181,24.7,muscle_gain,6.4,2,1,9,6,8882,41,none,218,93,2763,110,1,2.5,5,10,3,4,7,high,5,2,3,0,good,Moderate Workout,Balanced Diet,None,Meditation,Maintain Routine
U0863,21,Female,83,180,25.6,stress_relief,6.3,2,23,5,5,8585,26,cardio,167,73,1597,52,3,1.4,2,3,7,9,10,medium,8,5,5,1,poor,Weight Loss Workout,Balanced Diet,Reduce Screen Time,None,Hydration
U0864,21,Male,61,189,17.1,maintain,5.4,2,0,7,7,11957,54,none,232,89,2911,44,6,2.3,3,7,2,5,7,medium,11,3,3,4,poor,Strength Training,Low Carb,Improve Sleep,Relaxation,Maintain Routine
U0865,49,Female,51,181,15.6,stress_relief,6.6,4,23,4,7,10485,50,none,177,75,1509,113,3,3.9,2,5,2,3,9,high,12,2,1,4,poor,Strength Training,Balanced Diet,None,Relaxation,Skin Care
U0866,18,Male,70,188,19.8,weight_loss,5.9,4,22,5,4,5849,14,mixed,410,102,3085,35,0,2.3,4,4,4,8,5,low,1,1,2,3,poor,Moderate Workout,Low Carb,Improve Sleep,None,Skin Care
U0867,42,Female,82,152,35.5,maintain,4.6,2,0,8,8,3166,35,none,372,104,3261,125,3,2.0,2,8,2,6,8,low,4,2,2,3,average,Weight Loss Workout,Low Carb,Improve Sleep,Meditation,Skin Care
U0868,42,Female,96,162,36.6,weight_loss,8.2,2,23,7,6,11698,28,strength,460,117,2592,100,5,1.6,2,6,4,9,6,low,0,1,1,3,average,Weight Loss Workout,Balanced Diet,Reduce Screen Time,None,Hydration
U0869,26,Female,79,181,24.1,muscle_gain,6.8,4,21,3,1,6516,24,strength,267,98,1625,90,3,3.0,2,10,9,8,7,high,24,5,4,4,average,Moderate Workout,Balanced Diet,Reduce Screen Time,Meditation,Maintain Routine
U0870,44,Female,82,156,33.7,muscle_gain,5.6,5,1,9,5,1988,34,mixed,392,119,3228,45,5,2.9,2,10,4,6,11,low,3,1,4,4,good,Weight Loss Workout,Low Carb,Improve Sleep,Meditation,Maintain Routine
U0871,42,Male,97,186,28.0,maintain,8.8,1,22,4,9,4111,49,cardio,384,110,2053,58,1,1.4,2,8,4,8,7,medium,2,3,4,1,average,Weight Loss Workout,Balanced Diet,Reduce Screen Time,Meditation,Hydration
U0872,43,Female,92,173,30.7,muscle_gain,8.5,1,23,7,10,9797,25,none,450,94,2334,85,4,1.7,5,1,4,9,9,medium,18,4,3,2,poor,Weight Loss Workout,Balanced Diet,Reduce Screen Time,None,Hydration
U0873,33,Male,73,154,30.8,muscle_gain,7.1,1,1,6,4,8669,21,cardio,288,80,2048,147,2,3.7,3,8,6,9,11,high,20,3,1,4,average,Weight Loss Workout,Balanced Diet,Reduce Screen Time,Meditation,Skin Care
U0874,47,Female,71,179,22.2,maintain,6.3,3,22,6,7,5698,7,cardio,382,74,2151,140,5,1.9,3,5,4,3,6,medium,29,1,2,1,average,Moderate Workout,Balanced Diet,None,None,Hydration
U0875,49,Male,56,186,16.2,maintain,6.1,1,23,6,7,8500,47,cardio,357,78,1550,90,2,3.3,5,6,2,4,5,medium,19,4,3,2,good,Strength Training,Balanced Diet,None,Relaxation,Maintain Routine
U0876,39,Female,70,173,23.4,weight_loss,5.8,5,22,5,6,7733,57,mixed,357,84,1978,143,1,1.6,3,1,3,7,10,low,29,5,5,0,average,Moderate Workout,Balanced Diet,Improve Sleep,Relaxation,Hydration
U0877,18,Male,61,166,22.1,maintain,4.4,3,23,5,10,8523,25,none,463,114,2679,73,0,1.6,3,2,8,7,8,high,9,3,2,4,poor,Moderate Workout,Balanced Diet,Improve Sleep,None,Hydration
U0878,49,Female,92,162,35.1,weight_loss,7.8,3,23,4,7,6845,22,mixed,142,109,2125,103,0,1.8,3,9,7,3,6,medium,29,3,5,3,poor,Weight Loss Workout,Balanced Diet,None,Meditation,Hydration
U0879,42,Female,87,171,29.8,muscle_gain,5.7,2,23,4,3,9872,7,strength,195,70,2509,92,0,3.5,5,10,2,8,8,high,2,1,4,2,poor,Weight Loss Workout,Balanced Diet,Improve Sleep,Meditation,Maintain Routine
U0880,37,Male,91,182,27.5,muscle_gain,5.2,3,0,7,7,4436,56,strength,364,100,3169,149,0,2.2,4,4,4,7,9,high,19,3,2,5,average,Weight Loss Workout,Low Carb,Improve Sleep,None,Skin Care
U0881,35,Female,65,167,23.3,stress_relief,6.8,5,0,7,10,6053,12,cardio,277,72,2220,44,1,1.3,3,3,6,9,5,high,5,1,5,5,poor,Moderate Workout,High Protein,Reduce Screen Time,None,Hydration
U0882,19,Female,72,150,32.0,weight_loss,6.9,3,23,4,10,6690,58,none,168,93,1507,107,6,2.6,5,1,8,4,5,medium,11,4,5,3,poor,Weight Loss Workout,Balanced Diet,None,None,Maintain Routine
U0883,23,Female,50,186,14.5,maintain,5.0,1,1,8,6,1836,48,strength,367,64,2009,102,3,2.3,4,1,6,8,5,medium,6,4,2,4,poor,Strength Training,Balanced Diet,Improve Sleep,None,Skin Care
U0884,34,Male,86,155,35.8,stress_relief,7.1,3,21,2,6,3420,32,strength,397,76,3446,32,3,1.1,2,1,4,3,8,medium,0,4,2,0,poor,Weight Loss Workout,Low Carb,None,None,Hydration
U0885,43,Female,63,188,17.8,muscle_gain,7.2,1,1,7,6,2201,15,mixed,474,81,2259,99,0,2.5,4,5,1,4,7,medium,6,1,3,3,good,Strength Training,Balanced Diet,None,Relaxation,Maintain Routine
U0886,44,Female,70,151,30.7,stress_relief,7.9,5,21,3,1,10575,23,mixed,329,71,2484,116,1,1.2,5,3,8,3,10,low,28,3,1,3,average,Weight Loss Workout,Balanced Diet,None,None,Hydration
U0887,33,Female,54,157,21.9,maintain,4.8,3,21,5,6,11386,47,cardio,475,91,2313,121,3,1.4,5,2,3,9,4,medium,22,2,1,4,good,Moderate Workout,Balanced Diet,Improve Sleep,Relaxation,Hydration
U0888,19,Male,88,156,36.2,muscle_gain,5.4,2,23,6,4,10669,7,mixed,131,78,1779,53,0,3.1,3,9,7,9,11,medium,15,4,1,4,poor,Weight Loss Workout,Balanced Diet,Improve Sleep,Meditation,Skin Care
U0889,46,Female,80,182,24.2,stress_relief,8.0,2,21,2,9,3143,52,cardio,273,105,2981,89,2,1.7,5,9,4,9,7,high,7,3,5,5,poor,Light Cardio,Low Carb,Reduce Screen Time,Meditation,Hydration
U0890,36,Female,55,164,20.4,weight_loss,4.5,5,23,4,3,4399,27,none,421,112,2217,81,4,1.4,4,3,1,8,7,medium,1,2,1,0,poor,Moderate Workout,Balanced Diet,Improve Sleep,Relaxation,Hydration
U0891,19,Female,82,165,30.1,weight_loss,4.4,4,22,6,8,9790,59,strength,263,62,2538,131,6,2.4,3,7,3,7,8,low,17,2,2,5,good,Weight Loss Workout,Balanced Diet,Improve Sleep,Relaxation,Skin Care
U0892,24,Male,64,163,24.1,stress_relief,6.4,1,22,4,8,10463,28,mixed,232,64,2255,59,4,3.8,2,3,1,2,5,medium,11,2,2,5,average,Moderate Workout,Balanced Diet,None,Relaxation,Skin Care
U0893,24,Male,64,159,25.3,weight_loss,7.7,3,1,8,2,4320,3,cardio,159,108,2348,142,5,3.8,2,8,7,8,4,high,24,1,5,3,good,Weight Loss Workout,Balanced Diet,Reduce Screen Time,Meditation,Maintain Routine
U0894,33,Female,92,171,31.5,stress_relief,6.3,2,0,5,5,8548,48,cardio,318,64,2496,100,1,2.6,3,10,5,5,6,medium,20,2,3,3,good,Weight Loss Workout,Balanced Diet,None,Meditation,Maintain Routine
U0895,33,Male,63,154,26.6,stress_relief,6.7,4,0,5,3,11102,8,strength,199,78,2803,33,0,2.7,5,3,3,3,7,medium,13,2,2,1,good,Weight Loss Workout,Low Carb,None,Relaxation,Skin Care
U0896,47,Male,84,157,34.1,muscle_gain,4.5,5,1,6,6,10267,6,mixed,234,86,2993,141,4,1.8,5,10,9,6,10,low,3,4,2,3,good,Weight Loss Workout,Low Carb,Improve Sleep,Meditation,Hydration
U0897,39,Female,84,187,24.0,weight_loss,7.5,5,22,4,10,6112,11,cardio,156,92,3250,92,3,2.7,4,9,8,4,4,low,12,2,1,2,good,Moderate Workout,Low Carb,None,Meditation,Skin Care
U0898,39,Female,76,163,28.6,muscle_gain,7.0,2,1,7,6,2737,36,cardio,361,98,1510,141,0,2.9,3,7,4,3,8,high,28,5,1,4,good,Weight Loss Workout,Balanced Diet,None,None,Skin Care
U0899,40,Female,68,167,24.4,stress_relief,4.5,2,0,6,2,11021,36,none,467,73,3336,146,1,1.4,2,3,7,4,8,high,15,1,2,0,good,Moderate Workout,Low Carb,Improve Sleep,None,Hydration
U0900,49,Female,63,174,20.8,muscle_gain,8.6,4,22,4,3,2378,39,strength,378,84,1820,111,6,3.6,2,4,1,2,6,low,24,4,1,1,good,Light Cardio,Balanced Diet,None,Relaxation,Skin Care
U0901,34,Male,65,150,28.9,stress_relief,6.8,3,23,5,6,3986,28,none,285,92,1574,74,4,2.1,4,2,4,5,11,high,16,5,4,4,average,Weight Loss Workout,Balanced Diet,None,None,Maintain Routine
U0902,33,Male,78,159,30.9,muscle_gain,5.8,4,22,6,7,8127,30,mixed,111,117,2260,65,1,2.2,2,8,3,9,10,medium,20,1,5,5,average,Weight Loss Workout,Balanced Diet,Improve Sleep,Meditation,Maintain Routine
U0903,32,Male,74,164,27.5,maintain,6.7,4,0,8,3,6130,7,strength,421,87,1739,89,1,2.3,2,7,5,5,9,low,28,3,5,3,good,Weight Loss Workout,Balanced Diet,None,None,Maintain Routine
U0904,38,Male,52,182,15.7,muscle_gain,6.4,5,0,6,8,2415,53,mixed,311,111,1633,126,3,3.1,3,1,9,5,9,high,13,4,1,3,good,Strength Training,Balanced Diet,None,None,Skin Care
U0905,22,Female,56,155,23.3,maintain,6.4,3,21,4,6,4016,58,mixed,336,72,1838,41,3,2.8,5,8,3,9,9,medium,6,3,5,4,good,Moderate Workout,High Protein,Reduce Screen Time,Meditation,Maintain Routine
U0906,26,Male,91,184,26.9,maintain,5.2,1,21,4,2,11264,31,none,228,108,3157,64,1,2.7,5,6,8,9,10,high,19,1,5,5,average,Weight Loss Workout,Low Carb,Improve Sleep,None,Maintain Routine
U0907,24,Female,85,170,29.4,muscle_gain,4.6,3,21,4,4,11932,58,strength,302,107,2181,76,2,3.8,3,2,10,2,11,medium,15,2,5,0,average,Weight Loss Workout,Balanced Diet,Improve Sleep,None,Maintain Routine
U0908,47,Female,81,161,31.2,weight_loss,4.3,5,23,4,1,9160,59,strength,348,89,2692,110,2,1.7,5,4,2,8,6,low,0,3,4,0,poor,Weight Loss Workout,Balanced Diet,Improve Sleep,Relaxation,Hydration
U0909,19,Female,97,154,40.9,stress_relief,7.7,4,1,7,6,1335,54,cardio,249,116,3402,45,4,2.6,2,2,2,7,5,high,28,3,4,3,good,Weight Loss Workout,Low Carb,None,Relaxation,Maintain Routine
U0910,41,Male,66,165,24.2,maintain,9.0,2,1,9,8,10791,55,strength,444,105,1521,81,1,3.8,5,10,3,4,8,high,18,4,2,4,good,Moderate Workout,Balanced Diet,None,Meditation,Skin Care
U0911,38,Male,61,154,25.7,weight_loss,6.0,2,21,3,6,1837,26,none,417,69,2776,102,3,2.5,2,8,8,7,11,medium,16,3,2,3,average,Weight Loss Workout,Balanced Diet,None,Meditation,Skin Care
U0912,49,Female,91,160,35.5,maintain,7.8,4,23,7,8,8502,38,strength,260,106,2109,51,4,3.6,5,10,3,7,7,low,29,3,2,4,poor,Weight Loss Workout,Balanced Diet,None,Meditation,Skin Care
U0913,30,Female,70,174,23.1,weight_loss,6.3,5,1,6,4,6268,5,mixed,431,99,2532,79,3,2.6,5,8,8,8,4,high,16,1,1,2,poor,Moderate Workout,Balanced Diet,Reduce Screen Time,Meditation,Skin Care
U0914,26,Male,99,166,35.9,maintain,4.3,1,1,7,10,9839,41,cardio,253,93,1518,107,2,3.4,2,8,4,9,9,low,2,1,5,1,good,Weight Loss Workout,Balanced Diet,Improve Sleep,Meditation,Maintain Routine
U0915,28,Female,88,153,37.6,maintain,5.5,1,21,2,1,8681,17,mixed,464,92,2495,95,3,2.1,2,9,1,6,10,low,1,3,2,4,poor,Weight Loss Workout,Balanced Diet,Improve Sleep,Meditation,Skin Care
U0916,24,Female,98,182,29.6,stress_relief,6.7,1,21,3,5,6274,50,none,306,113,1580,132,2,2.6,4,7,9,2,6,low,7,2,2,2,poor,Weight Loss Workout,Balanced Diet,None,None,Skin Care
U0917,46,Male,87,180,26.9,weight_loss,6.3,3,1,9,1,7034,42,none,220,75,2238,40,2,2.6,5,5,7,8,4,low,7,5,2,3,good,Weight Loss Workout,High Protein,Reduce Screen Time,None,Skin Care
U0918,48,Male,82,172,27.7,stress_relief,8.8,5,21,3,8,6194,45,strength,166,88,2576,141,3,1.8,2,10,7,2,7,medium,10,4,1,2,average,Weight Loss Workout,Balanced Diet,None,Meditation,Hydration
U0919,44,Male,86,178,27.1,maintain,7.4,4,1,7,6,6261,59,mixed,351,99,2820,31,0,2.8,5,6,7,5,11,low,13,2,1,1,average,Weight Loss Workout,Low Carb,None,None,Skin Care
U0920,29,Male,89,186,25.7,maintain,8.2,4,0,8,6,6110,20,strength,129,83,3467,84,6,3.2,2,6,3,6,11,low,22,2,5,2,good,Weight Loss Workout,Low Carb,None,Relaxation,Maintain Routine
U0921,43,Male,61,189,17.1,weight_loss,7.7,5,23,7,1,4264,21,none,343,79,2206,43,0,1.2,3,4,1,4,8,medium,26,5,1,0,average,Strength Training,High Protein,None,Relaxation,Hydration
U0922,38,Female,90,180,27.8,muscle_gain,4.7,3,23,4,4,8180,20,mixed,264,75,1584,149,3,2.1,4,9,1,6,8,low,23,1,3,0,good,Weight Loss Workout,Balanced Diet,Improve Sleep,Meditation,Maintain Routine
U0923,44,Female,64,185,18.7,weight_loss,5.9,4,1,7,8,8442,22,strength,384,118,3354,127,2,3.7,3,2,2,5,6,medium,6,3,1,5,average,Moderate Workout,Low Carb,Improve Sleep,Relaxation,Skin Care
U0924,38,Male,72,167,25.8,muscle_gain,6.0,4,21,4,2,11492,19,cardio,373,101,1731,62,6,3.2,3,1,5,9,10,low,17,4,3,1,average,Weight Loss Workout,Balanced Diet,Reduce Screen Time,None,Maintain Routine
U0925,25,Female,86,153,36.7,weight_loss,6.5,5,1,6,8,4087,11,strength,246,89,3435,117,4,3.7,3,8,6,8,8,low,16,1,3,1,good,Weight Loss Workout,Low Carb,Reduce Screen Time,Meditation,Maintain Routine
U0926,29,Female,70,171,23.9,weight_loss,7.7,5,22,6,1,7547,12,mixed,336,63,1790,37,3,3.1,2,4,6,9,9,medium,27,2,4,0,poor,Moderate Workout,High Protein,Reduce Screen Time,None,Maintain Routine
U0927,31,Male,82,187,23.4,muscle_gain,8.6,3,21,4,5,6760,28,none,495,119,2423,68,4,2.1,4,10,1,2,11,high,7,3,5,0,poor,Moderate Workout,Balanced Diet,None,Meditation,Maintain Routine
U0928,30,Male,85,168,30.1,stress_relief,7.1,2,1,8,9,3984,34,cardio,204,88,2087,128,3,2.1,5,9,2,5,5,medium,29,1,3,4,poor,Weight Loss Workout,Balanced Diet,None,Meditation,Maintain Routine
U0929,42,Female,70,156,28.8,muscle_gain,4.7,3,0,8,9,10748,23,none,126,72,3341,58,6,1.4,5,5,6,5,9,high,0,4,3,4,good,Weight Loss Workout,Low Carb,Improve Sleep,None,Hydration
U0930,29,Male,78,183,23.3,weight_loss,4.9,5,22,3,2,10350,17,none,363,114,1703,72,2,1.6,2,4,7,2,6,high,1,2,5,1,good,Moderate Workout,Balanced Diet,Improve Sleep,None,Hydration
U0931,28,Male,56,175,18.3,weight_loss,5.5,1,1,6,6,10452,10,mixed,419,67,2287,63,6,3.6,3,5,6,6,9,medium,2,3,3,2,good,Moderate Workout,Balanced Diet,Improve Sleep,None,Maintain Routine
U0932,20,Male,88,183,26.3,muscle_gain,8.8,1,1,7,2,5901,32,none,199,72,1534,108,4,3.5,5,1,5,6,4,high,7,5,2,0,poor,Weight Loss Workout,Balanced Diet,None,None,Skin Care
U0933,44,Female,90,168,31.9,stress_relief,8.1,4,23,6,6,9300,30,cardio,165,69,1701,55,4,2.4,4,2,7,3,4,high,20,2,4,3,good,Weight Loss Workout,Balanced Diet,None,None,Maintain Routine
U0934,37,Female,70,174,23.1,stress_relief,5.6,5,23,4,1,11711,58,none,425,91,2823,127,3,1.9,2,5,3,2,9,low,26,1,3,1,poor,Moderate Workout,Low Carb,Improve Sleep,Relaxation,Hydration
U0935,19,Female,94,178,29.7,stress_relief,6.3,1,23,4,8,9808,13,cardio,270,103,1905,128,0,1.8,3,3,7,6,5,medium,2,4,3,4,poor,Weight Loss Workout,Balanced Diet,None,None,Hydration
U0936,30,Female,50,162,19.1,weight_loss,7.4,4,21,2,9,4748,13,none,380,90,2133,107,0,1.2,2,4,10,3,10,low,2,4,2,1,good,Moderate Workout,Balanced Diet,None,None,Hydration
U0937,32,Male,56,186,16.2,stress_relief,6.6,3,22,4,5,8129,53,strength,455,104,1678,66,6,3.2,3,1,5,6,7,medium,18,1,4,3,average,Strength Training,Balanced Diet,None,None,Maintain Routine
U0938,19,Female,55,189,15.4,stress_relief,6.9,1,0,7,3,2559,19,mixed,198,72,3403,72,3,1.2,4,4,2,5,6,low,3,4,1,0,good,Strength Training,Low Carb,None,Relaxation,Hydration
U0939,47,Male,87,161,33.6,stress_relief,8.8,1,22,4,8,8391,23,mixed,466,90,1646,58,4,2.1,5,1,9,6,5,medium,10,4,1,4,average,Weight Loss Workout,Balanced Diet,None,None,Skin Care
U0940,32,Male,78,165,28.7,weight_loss,6.3,3,21,3,2,6419,47,cardio,471,70,1642,64,6,2.3,2,2,6,7,7,low,22,5,4,2,poor,Weight Loss Workout,Balanced Diet,None,None,Maintain Routine
U0941,25,Male,99,160,38.7,muscle_gain,7.5,4,0,8,8,5434,52,mixed,222,80,3373,38,3,1.9,3,9,9,3,11,high,12,1,4,1,poor,Weight Loss Workout,Low Carb,None,Meditation,Hydration
U0942,32,Male,60,187,17.2,stress_relief,7.1,4,21,5,3,4590,42,cardio,414,117,2288,57,2,1.1,2,2,5,6,8,medium,11,5,5,1,good,Strength Training,Balanced Diet,None,None,Hydration
U0943,21,Male,54,159,21.4,muscle_gain,6.0,4,22,6,8,9143,30,none,422,88,2111,90,6,3.6,4,1,1,8,7,medium,13,5,1,4,good,Moderate Workout,Balanced Diet,Reduce Screen Time,Relaxation,Skin Care
U0944,38,Male,69,153,29.5,maintain,9.0,5,0,5,9,6725,32,cardio,338,113,2431,120,3,3.5,5,3,5,3,4,high,13,1,2,5,good,Weight Loss Workout,Balanced Diet,None,None,Skin Care
U0945,48,Male,69,184,20.4,stress_relief,6.6,4,23,7,8,4319,13,strength,483,114,1721,126,1,2.6,2,2,1,6,10,medium,5,5,2,2,good,Moderate Workout,Balanced Diet,None,Relaxation,Skin Care
U0946,27,Male,95,179,29.6,muscle_gain,5.8,1,23,7,2,10272,30,none,187,71,2152,45,2,1.4,2,4,9,9,6,high,12,4,5,1,poor,Weight Loss Workout,High Protein,Improve Sleep,None,Hydration
U0947,28,Male,78,173,26.1,muscle_gain,4.7,5,0,5,9,10768,2,cardio,176,90,1768,134,1,2.0,3,1,7,5,8,medium,26,2,4,2,poor,Weight Loss Workout,Balanced Diet,Improve Sleep,None,Maintain Routine
U0948,33,Male,84,177,26.8,stress_relief,5.5,5,23,6,8,7360,43,strength,390,71,2200,148,4,2.0,3,4,1,8,11,low,23,1,1,3,poor,Weight Loss Workout,Balanced Diet,Improve Sleep,Relaxation,Skin Care
U0949,36,Male,96,183,28.7,weight_loss,6.0,5,1,9,4,11586,54,strength,441,61,2762,129,4,1.1,4,7,9,2,7,high,16,1,2,2,good,Weight Loss Workout,Balanced Diet,None,None,Hydration
U0950,23,Male,95,179,29.6,stress_relief,5.5,5,23,7,10,2020,13,none,395,69,2212,75,2,2.1,5,4,2,6,11,high,17,1,5,4,poor,Weight Loss Workout,Balanced Diet,Improve Sleep,Relaxation,Maintain Routine
U0951,46,Male,70,164,26.0,muscle_gain,7.1,4,1,6,3,8647,2,strength,157,79,1629,143,0,1.4,5,1,10,2,9,high,17,3,5,0,average,Weight Loss Workout,Balanced Diet,None,None,Hydration
U0952,49,Female,55,166,20.0,maintain,8.8,3,1,6,5,6952,29,none,218,106,1801,58,2,1.3,5,4,7,2,10,high,23,3,3,3,poor,Moderate Workout,Balanced Diet,None,None,Hydration
U0953,30,Female,82,156,33.7,maintain,8.3,4,23,5,1,10837,29,strength,447,112,3004,55,2,2.2,4,9,9,8,9,high,0,3,2,1,poor,Weight Loss Workout,Low Carb,Reduce Screen Time,Meditation,Skin Care
U0954,38,Female,98,186,28.3,maintain,5.0,5,22,3,7,8102,39,strength,427,98,1832,139,2,1.0,2,6,9,4,8,low,29,1,4,2,average,Weight Loss Workout,Balanced Diet,Improve Sleep,None,Hydration
U0955,35,Female,65,185,19.0,muscle_gain,8.6,1,22,4,4,9784,19,mixed,184,116,1582,92,2,2.3,3,6,3,2,5,low,17,3,4,3,poor,Moderate Workout,Balanced Diet,None,Relaxation,Maintain Routine
U0956,26,Female,72,167,25.8,maintain,4.6,1,1,9,1,5721,21,none,116,81,3424,90,0,3.1,2,1,1,8,9,medium,15,5,4,2,average,Weight Loss Workout,Low Carb,Improve Sleep,Relaxation,Maintain Routine
U0957,46,Male,73,176,23.6,maintain,7.9,4,22,5,5,10528,40,none,194,86,3205,139,2,1.4,2,3,2,9,7,medium,11,3,1,3,good,Moderate Workout,Low Carb,Reduce Screen Time,Relaxation,Hydration
U0958,47,Female,57,169,20.0,muscle_gain,7.5,2,1,7,10,5807,50,strength,302,73,3317,76,5,1.8,3,4,7,4,11,medium,21,3,5,1,average,Moderate Workout,Low Carb,None,None,Hydration
U0959,29,Male,56,154,23.6,stress_relief,4.4,3,21,5,6,3504,25,mixed,339,60,2211,62,3,3.7,3,7,9,2,5,low,14,2,1,0,good,Light Cardio,Balanced Diet,Improve Sleep,None,Skin Care
U0960,31,Male,74,178,23.4,weight_loss,6.7,1,21,2,7,6385,14,mixed,355,70,2451,75,4,1.6,4,9,1,3,8,high,12,4,5,4,poor,Moderate Workout,Balanced Diet,None,Meditation,Hydration
U0961,25,Female,88,160,34.4,weight_loss,5.2,4,21,5,5,9114,35,strength,336,79,3344,41,5,1.2,3,9,8,9,5,high,3,3,1,2,average,Weight Loss Workout,Low Carb,Improve Sleep,Meditation,Hydration
U0962,40,Female,55,182,16.6,stress_relief,6.4,5,21,4,2,10231,17,strength,393,109,1670,61,6,2.2,3,2,7,3,11,medium,17,5,1,5,average,Strength Training,Balanced Diet,None,None,Skin Care
U0963,39,Female,64,175,20.9,muscle_gain,6.5,1,21,3,4,5702,27,strength,134,119,2754,91,6,3.0,4,2,1,2,5,high,24,4,2,5,good,Moderate Workout,Balanced Diet,None,Relaxation,Skin Care
U0964,24,Female,71,150,31.6,maintain,7.2,5,23,5,3,6082,57,cardio,362,67,2249,80,2,2.4,5,7,9,7,9,high,12,3,2,0,poor,Weight Loss Workout,Balanced Diet,None,None,Skin Care
U0965,35,Male,90,152,39.0,weight_loss,6.1,5,0,6,1,11694,14,strength,489,77,3182,145,2,2.3,3,6,9,5,9,low,27,4,3,0,poor,Weight Loss Workout,Low Carb,None,None,Maintain Routine
U0966,21,Male,51,172,17.2,muscle_gain,6.3,5,1,8,6,3579,32,none,490,83,2101,79,1,3.6,4,8,8,8,8,medium,5,5,5,5,poor,Strength Training,Balanced Diet,Reduce Screen Time,Meditation,Maintain Routine
U0967,37,Male,82,169,28.7,maintain,7.8,4,23,6,9,7239,21,mixed,347,110,2383,91,5,1.0,5,7,2,4,8,low,12,5,2,4,poor,Weight Loss Workout,Balanced Diet,None,Relaxation,Hydration
U0968,49,Male,99,157,40.2,maintain,8.5,2,1,6,7,10509,28,none,143,64,3215,69,2,2.2,2,10,2,4,8,low,26,3,2,3,good,Weight Loss Workout,Low Carb,None,Meditation,Skin Care
U0969,46,Male,97,188,27.4,maintain,7.8,1,22,6,7,3957,4,strength,465,83,2541,56,4,2.3,3,5,4,2,9,medium,27,3,5,3,good,Weight Loss Workout,Balanced Diet,None,None,Maintain Routine
U0970,20,Male,96,153,41.0,maintain,6.3,4,1,8,4,7659,36,strength,399,92,2392,149,1,3.3,4,3,4,9,7,high,15,5,1,5,good,Weight Loss Workout,Balanced Diet,Reduce Screen Time,None,Skin Care
U0971,38,Female,71,186,20.5,muscle_gain,4.7,5,23,5,2,6613,49,cardio,151,60,2562,110,2,1.4,4,6,7,6,11,medium,27,4,3,0,average,Moderate Workout,Balanced Diet,Improve Sleep,None,Hydration
U0972,45,Female,84,185,24.5,maintain,4.8,2,23,7,1,7202,9,none,467,69,3367,110,4,3.2,3,3,3,3,9,medium,29,2,5,4,good,Moderate Workout,Low Carb,Improve Sleep,Relaxation,Maintain Routine
U0973,23,Female,77,153,32.9,maintain,4.8,3,23,4,2,1536,41,mixed,240,111,2119,65,3,3.9,5,4,2,7,7,low,27,4,3,5,average,Weight Loss Workout,Balanced Diet,Improve Sleep,Relaxation,Maintain Routine
U0974,19,Male,61,187,17.4,maintain,7.1,3,1,8,8,4162,50,none,357,112,2349,119,4,3.2,2,6,8,7,7,high,13,2,5,0,average,Strength Training,Balanced Diet,None,None,Maintain Routine
U0975,35,Male,58,186,16.8,weight_loss,4.8,3,22,5,8,8554,7,cardio,341,96,2767,72,0,2.9,4,5,10,2,8,medium,15,2,1,3,poor,Strength Training,Balanced Diet,Improve Sleep,None,Skin Care
U0976,18,Male,77,163,29.0,muscle_gain,8.9,4,22,5,4,11894,52,strength,403,89,2773,44,6,1.8,4,2,2,9,10,low,21,3,1,0,average,Weight Loss Workout,High Protein,Reduce Screen Time,Relaxation,Hydration
U0977,28,Male,53,157,21.5,stress_relief,5.9,1,21,3,1,1803,9,none,177,66,3175,115,4,3.1,2,4,8,8,6,high,25,1,2,3,good,Light Cardio,Low Carb,Improve Sleep,None,Skin Care
U0978,25,Female,83,176,26.8,weight_loss,6.9,1,23,4,7,8038,21,cardio,493,90,2694,128,4,2.6,5,3,4,8,8,medium,14,4,3,4,poor,Weight Loss Workout,Balanced Diet,Reduce Screen Time,None,Maintain Routine
U0979,20,Male,68,164,25.3,muscle_gain,4.6,5,22,5,3,4972,40,mixed,467,113,2347,134,1,2.2,2,10,10,7,11,low,11,4,5,1,poor,Weight Loss Workout,Balanced Diet,Improve Sleep,Meditation,Maintain Routine
U0980,18,Female,61,183,18.2,maintain,7.8,1,22,6,2,10507,5,cardio,250,98,3282,76,3,1.4,3,3,1,7,11,medium,26,1,2,3,poor,Moderate Workout,Low Carb,None,Relaxation,Hydration
U0981,29,Male,72,178,22.7,weight_loss,8.0,1,0,6,6,4129,46,none,108,72,3442,62,0,2.9,2,4,9,6,10,high,3,1,4,0,average,Moderate Workout,Low Carb,None,None,Maintain Routine
U0982,21,Female,86,168,30.5,stress_relief,5.0,1,0,6,3,2716,55,strength,435,115,1697,130,6,2.7,5,2,4,7,6,high,16,4,1,0,poor,Weight Loss Workout,Balanced Diet,Improve Sleep,None,Skin Care
U0983,37,Female,76,164,28.3,muscle_gain,7.7,5,21,5,2,2070,26,none,126,80,2920,84,0,2.7,3,9,1,7,8,medium,7,1,2,0,average,Weight Loss Workout,Low Carb,None,Meditation,Skin Care
U0984,21,Male,69,156,28.4,muscle_gain,8.7,1,1,7,5,9048,58,cardio,446,105,3445,120,4,1.0,5,10,10,9,11,medium,9,4,3,4,average,Weight Loss Workout,Low Carb,Reduce Screen Time,Meditation,Hydration
U0985,24,Male,70,162,26.7,maintain,5.8,5,21,5,9,5424,39,mixed,471,89,2201,100,0,3.9,2,1,8,3,4,low,29,3,5,5,poor,Weight Loss Workout,Balanced Diet,Improve Sleep,None,Maintain Routine
U0986,24,Male,83,164,30.9,stress_relief,6.9,2,22,6,5,7490,3,none,496,76,1840,52,0,1.7,4,9,5,7,8,high,1,5,1,1,average,Weight Loss Workout,Balanced Diet,None,Meditation,Hydration
U0987,41,Female,82,176,26.5,stress_relief,4.3,5,1,8,3,5923,58,mixed,148,110,3142,37,3,2.2,2,5,5,2,8,medium,23,4,2,0,average,Weight Loss Workout,Low Carb,Improve Sleep,None,Skin Care
U0988,26,Female,68,166,24.7,stress_relief,8.5,1,21,4,10,6383,23,cardio,303,105,2042,41,6,2.9,5,7,10,3,8,low,3,1,1,2,average,Moderate Workout,High Protein,None,None,Skin Care
U0989,48,Male,52,157,21.1,maintain,6.5,4,1,6,4,10537,33,none,441,64,1508,49,4,3.0,5,2,3,6,7,low,19,2,3,0,good,Moderate Workout,High Protein,None,Relaxation,Maintain Routine
U0990,39,Male,91,153,38.9,maintain,8.7,5,21,4,10,9390,32,none,488,85,2904,148,3,2.7,3,2,8,5,9,high,6,4,3,2,poor,Weight Loss Workout,Low Carb,None,None,Maintain Routine
U0991,19,Male,50,155,20.8,maintain,6.0,5,0,7,1,8816,52,cardio,447,110,2338,55,1,3.0,4,7,4,3,4,low,16,5,5,2,average,Moderate Workout,Balanced Diet,None,None,Maintain Routine
U0992,30,Male,72,186,20.8,weight_loss,8.9,3,0,8,9,1728,7,strength,148,91,2965,104,6,2.9,2,2,4,9,7,high,1,5,4,4,good,Light Cardio,Low Carb,Reduce Screen Time,None,Maintain Routine
U0993,45,Female,76,157,30.8,stress_relief,8.7,1,22,6,1,5731,20,strength,315,96,3253,140,5,1.5,3,3,7,5,6,high,25,4,2,0,average,Weight Loss Workout,Low Carb,None,None,Hydration
U0994,31,Male,91,156,37.4,weight_loss,4.6,1,0,6,2,8430,24,mixed,280,86,2540,33,4,2.2,2,6,4,4,7,high,28,4,4,4,good,Weight Loss Workout,High Protein,Improve Sleep,None,Maintain Routine
U0995,32,Male,80,176,25.8,stress_relief,5.1,2,1,8,3,4005,58,cardio,417,98,1678,130,2,1.3,5,8,3,4,6,high,7,2,5,1,poor,Weight Loss Workout,Balanced Diet,Improve Sleep,Meditation,Hydration
U0996,40,Female,61,167,21.9,maintain,7.8,2,23,5,7,1572,3,cardio,491,97,2792,41,2,3.0,4,4,2,8,4,medium,6,2,5,0,poor,Light Cardio,High Protein,Reduce Screen Time,Relaxation,Maintain Routine
U0997,19,Male,83,153,35.5,maintain,7.6,5,1,7,4,5736,49,mixed,425,79,2031,75,2,2.7,3,2,9,5,5,low,18,1,3,3,average,Weight Loss Workout,Balanced Diet,None,None,Maintain Routine
U0998,32,Male,61,163,23.0,muscle_gain,4.8,5,23,6,9,8116,31,none,332,105,3200,95,6,3.1,4,7,8,9,11,low,0,5,3,4,poor,Moderate Workout,Low Carb,Improve Sleep,None,Maintain Routine
U0999,44,Male,70,178,22.1,muscle_gain,8.7,1,1,7,10,8691,4,strength,268,79,1699,30,5,1.9,4,3,8,6,7,medium,15,5,4,5,good,Moderate Workout,High Protein,None,None,Hydration
U1000,24,Male,61,176,19.7,weight_loss,5.8,5,22,4,2,1032,26,mixed,475,61,2921,42,4,3.6,4,3,1,4,11,medium,19,2,1,2,average,Light Cardio,Low Carb,Improve Sleep,Relaxation,Skin Care
